char,hskLevels,pinyin,hanViet,meaningShortVi,radicalStatus,radicalForm,radicalNameVi,strokeCount,formationTypeVi,formationStatus,componentCount,relatedWordCount,sentenceCount,pdfCandidatePages,qualityStatus,missing
一,"1,2,3",yī,Nhất,một,verified,一,Bộ Nhất,,,not-available,0,20,12,464,PASS,"hasStrokeCount,hasComponents,hasFormationType"
七,"1,2,3",qī,Thất,bảy,not-found,,,,,not-available,0,6,6,643,PARTIAL,"hasRadical,hasStrokeCount,hasComponents,hasFormationType"
三,"1,2,3",sān,Tam,ba,not-found,,,,,not-available,0,8,12,590,PARTIAL,"hasRadical,hasStrokeCount,hasComponents,hasFormationType"
上,"1,2",shàng,Thượng,trên,verified,一,Bộ Nhất,3,,not-available,0,20,12,709,PASS,"hasComponents,hasFormationType"
下,"1,3",xià,Hạ,sau,verified,一,Bộ Nhất,3,,not-available,0,20,12,248,PASS,"hasComponents,hasFormationType"
不,1,bù,Bất,không,verified,一,Bộ Nhất,4,,not-available,0,20,12,40,PASS,"hasComponents,hasFormationType"
东,"1,3",dōng,Hốc / Đông,đông,not-found,,,,,not-available,0,10,12,221,PARTIAL,"hasRadical,hasStrokeCount,hasComponents,hasFormationType"
丢,"1,3",diū,Điêu,"đánh rơi, mất",verified,一,Bộ Nhất,6,hội ý,needs-review,2,6,4,,PASS,hasPdfCandidate
两,"1,2,3",liǎng,Lưỡng,hai,not-found,,,,,not-available,0,7,12,,PARTIAL,"hasRadical,hasStrokeCount,hasComponents,hasFormationType,hasPdfCandidate"
个,"1,2,3",gè,Cá,"miếng, đơn vị",not-found,,,,,not-available,0,9,12,60,PARTIAL,"hasRadical,hasStrokeCount,hasComponents,hasFormationType"
中,1,zhōng,Trung,trong,verified,丨,"Bộ Thụ, Cổn",4,,not-available,0,20,12,616,PASS,"hasComponents,hasFormationType"
九,"1,2,3",jiǔ,Cửu,chín,not-found,,,,,not-available,0,6,6,152,PARTIAL,"hasRadical,hasStrokeCount,hasComponents,hasFormationType"
也,"1,2,3",yě,Dã,cũng,not-found,,,,,not-available,0,6,12,,PARTIAL,"hasRadical,hasStrokeCount,hasComponents,hasFormationType,hasPdfCandidate"
书,"1,3",shū,Thư,sách,verified,聿,Bộ Duật,,hình thanh,source-backed,2,10,12,"402,696",PASS,hasStrokeCount
买,"1,2",mǎi,Mãi,mua,verified,网,Bộ Võng,6,,not-available,2,6,12,385,PASS,hasFormationType
了,"1,2",le,Liễu,"trợ từ ""le""",not-found,,,2,,not-available,0,10,12,,PARTIAL,"hasRadical,hasComponents,hasFormationType,hasPdfCandidate"
事,1,shì,Sự,việc,verified,亅,Bộ Quyết,8,,not-available,2,16,12,,PASS,"hasFormationType,hasPdfCandidate"
二,"1,2,3",èr,Nhì,hai,verified,二,Bộ Nhị,,,not-available,0,7,12,"470,616",PASS,"hasStrokeCount,hasComponents,hasFormationType"
五,"1,2,3",wǔ,Ngũ,năm,not-found,,,,,not-available,0,9,12,444,PARTIAL,"hasRadical,hasStrokeCount,hasComponents,hasFormationType"
些,"1,3",xiē,Ta,một vài,not-found,此,,,hội ý,needs-review,2,6,12,,PARTIAL,"hasRadical,hasStrokeCount,hasPdfCandidate"
人,"1,3",rén,Nhân,người,verified,人,Bộ Nhân,2,,not-available,0,20,12,455,PASS,"hasComponents,hasFormationType"
从,"1,2",cóng,Tòng,từ,not-found,,,,,not-available,0,8,12,744,PARTIAL,"hasRadical,hasStrokeCount,hasComponents,hasFormationType"
他,"1,2,3",tā,Tha,anh ấy,verified,亻,Bộ Nhân,,hình thanh,source-backed,2,6,12,,PASS,"hasStrokeCount,hasPdfCandidate"
们,1,men,Món,một hậu tố chỉ số nhiều,verified,亻,Bộ Nhân,5,hình thanh,source-backed,2,7,12,,PASS,hasPdfCandidate
件,"1,2,3",jiàn,Kiện,"cái, chiếc",verified,亻,Bộ Nhân,,hội ý,needs-review,2,8,12,,PASS,"hasStrokeCount,hasPdfCandidate"
会,"1,2,3",huì,Hội,có thể,verified,人,Bộ Nhân,6,,not-available,0,20,12,,PASS,"hasComponents,hasFormationType,hasPdfCandidate"
伞,"1,3",sǎn,Tàn,cái ô,verified,人,Bộ Nhân,6,,not-available,0,6,5,,PASS,"hasComponents,hasFormationType,hasPdfCandidate"
住,"1,3",zhù,Trú,"Sống, cư trú",verified,亻,Bộ Nhân,,hình thanh,reviewed,2,9,12,,PASS,"hasStrokeCount,hasPdfCandidate"
你,"1,2,3",nǐ,Nể,bạn,verified,亻,Bộ Nhân,,hình thanh,source-backed,2,6,12,,PASS,"hasStrokeCount,hasPdfCandidate"
倒,"1,2",dǎo,Đảo,"ngã, đổ",verified,亻,Bộ Nhân,10,hình thanh,source-backed,2,6,7,,PASS,hasPdfCandidate
借,"1,2,3",jiè,Tá,"vay, mượn",verified,亻,Bộ Nhân,10,hình thanh,source-backed,2,6,1,,PASS,hasPdfCandidate
做,"1,2",zuò,,làm,verified,亻,Bộ Nhân,11,hội ý,needs-review,2,9,12,,PASS,"hasHanViet,hasPdfCandidate"
元,"1,3",yuán,Nguyên,nhân dân tệ,not-found,,,,,not-available,0,6,5,445,PARTIAL,"hasRadical,hasStrokeCount,hasComponents,hasFormationType"
先,"1,3",xiān,Tiên,trước,verified,止,Bộ Chỉ,,,not-available,2,7,12,716,PASS,"hasStrokeCount,hasFormationType"
八,"1,2,3",bā,Bát,tám,verified,八,Bộ Bát,,,not-available,0,6,12,34,PASS,"hasStrokeCount,hasComponents,hasFormationType"
六,"1,2,3",liù,Lục,sáu,not-found,,,,,not-available,0,6,9,372,PARTIAL,"hasRadical,hasStrokeCount,hasComponents,hasFormationType"
关,"1,3",guān,Quan,đóng,verified,門,Bộ Môn,,hình thanh,source-backed,2,11,12,,PASS,"hasStrokeCount,hasPdfCandidate"
再,"1,2,3",zài,Tái,lại,verified,二,Bộ Nhị,,,not-available,1,7,12,,PASS,"hasStrokeCount,hasFormationType,hasPdfCandidate"
写,"1,3",xiě,Tả,viết,verified,冖,Bộ Mật,5,,not-available,2,6,12,,PASS,"hasFormationType,hasPdfCandidate"
冷,"1,2",lěng,Lạnh,lạnh,verified,冫,Bộ Băng,7,hình thanh,source-backed,2,7,12,,PASS,hasPdfCandidate
几,"1,2,3",jǐ,Kỉ,bao nhiêu,verified,几,Bộ Kỷ,,,not-available,0,6,12,,PASS,"hasStrokeCount,hasComponents,hasFormationType,hasPdfCandidate"
出,"1,2,3",chū,Xuất,ra ngoài,verified,止,Bộ Chỉ,,,not-available,2,20,12,831,PASS,"hasStrokeCount,hasFormationType"
分,"1,2,3",fēn,Phân,sự khác biệt,verified,八,Bộ Bát,4,,not-available,2,16,12,498,PASS,hasFormationType
刚,"1,2,3",gāng,,vừa mới,verified,刂,Bộ Đao,6,hình thanh,source-backed,2,6,3,,PASS,"hasHanViet,hasPdfCandidate"
别,"1,2,3",bié,Biết,đừng,not-found,冎,,,,not-available,0,12,12,,PARTIAL,"hasRadical,hasStrokeCount,hasComponents,hasFormationType,hasPdfCandidate"
到,"1,2,3",dào,Đáo,đến,verified,至,Bộ Chí,,hình thanh,source-backed,2,20,12,,PASS,"hasStrokeCount,hasPdfCandidate"
刻,"1,2,3",kè,Khắc,một phần tư,verified,刂,Bộ Đao,8,hình thanh,source-backed,2,6,12,,PASS,hasPdfCandidate
前,"1,3",qián,Tiền,trước,verified,止,Bộ Chỉ,9,,not-available,2,15,12,,PASS,"hasFormationType,hasPdfCandidate"
动,"1,2",dòng,Động,di chuyển,verified,力,Bộ Lực,6,,not-available,2,20,12,,PASS,"hasFormationType,hasPdfCandidate"
包,"1,2,3",bāo,Bao,gói,not-found,,,,,not-available,0,10,12,30,PARTIAL,"hasRadical,hasStrokeCount,hasComponents,hasFormationType"
北,1,běi,,bắc,verified,人,Bộ Nhân,5,,not-available,2,8,12,35,PASS,"hasHanViet,hasFormationType"
医,1,yī,Y,"y, chữa bệnh",verified,酉,Bộ Dậu,,hình thanh,source-backed,2,7,12,836,PASS,hasStrokeCount
十,"1,2,3",shí,Thập,mười,verified,十,Bộ Thập,,,not-available,0,10,12,641,PASS,"hasStrokeCount,hasComponents,hasFormationType"
千,"1,2,3",qiān,Thiên,Ngàn,verified,一,Bộ Nhất,,hình thanh,source-backed,2,6,11,616,PASS,hasStrokeCount
半,"1,3",bàn,Bán,nửa,verified,八,Bộ Bát,,,not-available,2,7,12,28,PASS,"hasStrokeCount,hasFormationType"
卖,"1,2,3",mài,Mại,bán,not-found,出,,,hình thanh,source-backed,2,7,8,386,PARTIAL,"hasRadical,hasStrokeCount"
南,"1,2",nán,Nam,nam,not-found,,,,,not-available,0,8,12,426,PARTIAL,"hasRadical,hasStrokeCount,hasComponents,hasFormationType"
去,"1,2,3",qù,Khứ,đi,verified,大,Bộ Đại,,,not-available,2,10,12,329,PASS,"hasStrokeCount,hasFormationType"
又,"1,2,3",yòu,Lại,một lần nữa,verified,又,Bộ Hựu,2,,not-available,0,5,6,313,PASS,"hasComponents,hasFormationType"
口,"1,2,3",kǒu,Khẩu,miệng,verified,口,Bộ Khẩu,,,not-available,0,13,12,,PASS,"hasStrokeCount,hasComponents,hasFormationType,hasPdfCandidate"
只,"1,2,3",zhǐ,Chỉ,chỉ,not-found,,,,,not-available,0,7,12,,PARTIAL,"hasRadical,hasStrokeCount,hasComponents,hasFormationType,hasPdfCandidate"
叫,"1,2",jiào,Khiếu,gọi,verified,口,Bộ Khẩu,5,hình thanh,source-backed,2,7,12,,PASS,hasPdfCandidate
可,"1,3",kě,Khả,nhưng,verified,口,Bộ Khẩu,5,,not-available,2,13,12,,PASS,"hasFormationType,hasPdfCandidate"
右,"1,2,3",yòu,Hữu,phải,verified,口,Bộ Khẩu,,,not-available,2,6,12,310,PASS,"hasStrokeCount,hasFormationType"
号,1,hào,Hiệu,ngày,verified,口,Bộ Khẩu,5,hình thanh,source-backed,2,7,12,,PASS,hasPdfCandidate
吃,"1,2,3",chī,Khật,ăn,verified,口,Bộ Khẩu,,hình thanh,source-backed,2,8,12,,PASS,"hasStrokeCount,hasPdfCandidate"
后,1,hòu,Hậu,sau,verified,口,Bộ Khẩu,6,,not-available,0,15,12,,PASS,"hasComponents,hasFormationType,hasPdfCandidate"
吐,1,tù,Thổ,nôn,verified,口,Bộ Khẩu,6,hình thanh,source-backed,2,6,6,674,PASS,
吗,"1,2,3",ma,Mửa,một từ nghi vấn,verified,口,Bộ Khẩu,,hình thanh,source-backed,2,2,12,,PASS,"hasStrokeCount,hasPdfCandidate"
吧,"1,2,3",ba,Và,ba,verified,口,Bộ Khẩu,7,hình thanh,source-backed,2,6,12,,PASS,hasPdfCandidate
听,"1,3",tīng,Thính,nghe,verified,口,Bộ Khẩu,,hình thanh,source-backed,2,14,12,,PASS,"hasStrokeCount,hasPdfCandidate"
呀,1,ya,Nhá,tiếng thán từ 'ya',verified,口,Bộ Khẩu,7,hình thanh,source-backed,2,3,7,,PASS,hasPdfCandidate
呢,"1,2,3",ne,Nài,"một hạt cho câu hỏi đặc biệt, thay thế hoặc tu từ",verified,口,Bộ Khẩu,,hình thanh,source-backed,2,6,7,,PASS,"hasStrokeCount,hasPdfCandidate"
和,1,hé,Hoà,và,verified,口,Bộ Khẩu,8,hình thanh,source-backed,2,8,12,269,PASS,
哪,"1,2,3",nǎ,Ná,nào?,verified,口,Bộ Khẩu,,hình thanh,source-backed,2,7,12,,PASS,"hasStrokeCount,hasPdfCandidate"
唱,1,chàng,Xướng,hát,verified,口,Bộ Khẩu,11,hình thanh,source-backed,2,6,12,,PASS,hasPdfCandidate
啊,"1,2,3",a,À,a,verified,口,Bộ Khẩu,,hình thanh,source-backed,2,2,0,,PARTIAL,"hasStrokeCount,hasSentences,hasPdfCandidate"
啦,1,la,,trợ từ 'la',verified,口,Bộ Khẩu,11,hình thanh,source-backed,2,6,0,,PARTIAL,"hasHanViet,hasSentences,hasPdfCandidate"
喂,"1,3",wèi,Ỏi,alo,verified,口,Bộ Khẩu,12,hình thanh,source-backed,2,3,5,,PASS,hasPdfCandidate
喝,"1,2,3",hē,Hát,uống,verified,口,Bộ Khẩu,,hình thanh,source-backed,2,7,12,,PASS,"hasStrokeCount,hasPdfCandidate"
四,"1,2,3",sì,Tứ,bốn,not-found,,,,,not-available,0,9,12,790,PARTIAL,"hasRadical,hasStrokeCount,hasComponents,hasFormationType"
回,"1,2,3",huí,Hồi,trở về,not-found,,,,,not-available,0,8,12,289,PARTIAL,"hasRadical,hasStrokeCount,hasComponents,hasFormationType"
困,"1,3",kùn,Khốn,mệt mỏi,verified,囗,Bộ Vi,7,hội ý,needs-review,2,6,12,,PASS,hasPdfCandidate
国,1,guó,Quốc,quốc gia,verified,囗,Bộ Vi,8,,not-available,0,19,12,551,PASS,"hasComponents,hasFormationType"
在,1,zài,Tại,"ở, tại",verified,土,Bộ Thổ,6,hình thanh,source-backed,2,7,12,,PASS,hasPdfCandidate
地,"1,2,3",de,Địa,trợ từ,verified,土,Bộ Thổ,,hình thanh,source-backed,2,17,12,202,PASS,hasStrokeCount
场,"1,2",chǎng,Trường,"một từ dùng đo lường cho trò chơi, trận đấu thể thao, cảnh",verified,土,Bộ Thổ,6,hình thanh,source-backed,2,17,12,,PASS,hasPdfCandidate
坏,"1,2,3",huài,Hoại,xấu,verified,土,Bộ Thổ,,,not-available,2,7,12,277,PASS,"hasStrokeCount,hasFormationType"
坐,"1,2,3",zuò,,ngồi,verified,人,Bộ Nhân,7,,not-available,3,7,12,741,PASS,"hasHanViet,hasFormationType"
块,"1,2,3",kuài,Khối,nhân dân tệ,verified,土,Bộ Thổ,,hình thanh,source-backed,2,7,12,,PASS,"hasStrokeCount,hasPdfCandidate"
堵,1,dǔ,,chặn lại,verified,土,Bộ Thổ,12,hình thanh,source-backed,2,6,3,,PASS,"hasHanViet,hasPdfCandidate"
外,"1,2,3",wài,Ngoại,ngoại quốc,verified,卜,Bộ Bốc,,hình thanh,source-backed,2,18,12,,PASS,"hasStrokeCount,hasPdfCandidate"
多,"1,2,3",duō,Đa,nhiều,not-found,,,,,not-available,0,9,12,187,PARTIAL,"hasRadical,hasStrokeCount,hasComponents,hasFormationType"
够,"1,2",gòu,,đủ,verified,夂,Bộ Tuy,11,hình thanh,source-backed,2,6,11,,PASS,"hasHanViet,hasPdfCandidate"
大,"1,2,3",dà,Đại,lớn,verified,大,Bộ Đại,,,not-available,0,20,12,,PASS,"hasStrokeCount,hasComponents,hasFormationType,hasPdfCandidate"
天,1,tiān,Thiên,ngày,not-found,◎,,,,not-available,2,20,12,"72,664",PARTIAL,"hasRadical,hasStrokeCount,hasFormationType"
太,"1,3",tài,Thái,quá,verified,大,Bộ Đại,,,not-available,1,9,12,,PASS,"hasStrokeCount,hasFormationType,hasPdfCandidate"
头,"1,2,3",tóu,Đầu,đầu,verified,豆,Bộ Đậu,5,,not-available,2,14,12,,PASS,"hasFormationType,hasPdfCandidate"
女,"1,2,3",nǚ,Nữa,nữ,verified,女,Bộ Nữ,,,not-available,0,10,12,487,PASS,"hasStrokeCount,hasComponents,hasFormationType"
奶,1,nǎi,Nái,sữa,verified,女,Bộ Nữ,8,hình thanh,source-backed,2,7,12,,PASS,hasPdfCandidate
她,"1,2,3",tā,,cô ấy,verified,女,Bộ Nữ,,hình thanh,source-backed,2,1,12,,PASS,"hasHanViet,hasStrokeCount,hasPdfCandidate"
好,"1,2,3",hǎo,Háo,tốt,verified,女,Bộ Nữ,,hội ý,needs-review,2,20,12,255,PASS,hasStrokeCount
姓,"1,2,3",xìng,Tính,họ,verified,女,Bộ Nữ,8,hình thanh,source-backed,2,6,10,737,PASS,
字,"1,3",zì,Tự,chữ,verified,宀,Bộ Miên,,hình thanh,source-backed,2,9,12,,PASS,"hasStrokeCount,hasPdfCandidate"
学,1,xué,Học,học,verified,子,"Bộ Tử, Tý",8,,not-available,3,20,12,282,PASS,hasFormationType
它,"1,2,3",tā,,nó,not-found,,,,,not-available,0,3,3,,PARTIAL,"hasHanViet,hasRadical,hasStrokeCount,hasComponents,hasFormationType,hasPdfCandidate"
完,"1,2,3",wán,Hoàn,hoàn thành,verified,宀,Bộ Miên,7,hình thanh,source-backed,2,6,12,,PASS,hasPdfCandidate
室,"1,3",shì,Thất,phòng,verified,宀,Bộ Miên,9,hình thanh,source-backed,2,7,8,644,PASS,
家,"1,2,3",jiā,Gia,"gia đình, nhà",verified,宀,Bộ Miên,,hình thanh,source-backed,2,20,12,230,PASS,hasStrokeCount
寄,1,jì,Gửi,gửi,verified,宀,Bộ Miên,11,hình thanh,source-backed,2,6,4,,PASS,hasPdfCandidate
对,"1,2,3",duì,Đối,đối với,verified,又,Bộ Hựu,,,not-available,2,13,12,,PASS,"hasStrokeCount,hasFormationType,hasPdfCandidate"
小,"1,2,3",xiǎo,Tiểu,nhỏ,verified,小,Bộ Tiểu,,,not-available,0,20,12,,PASS,"hasStrokeCount,hasComponents,hasFormationType,hasPdfCandidate"
少,"1,3",shǎo,Thiểu,ít,not-found,,,,,not-available,0,10,12,,PARTIAL,"hasRadical,hasStrokeCount,hasComponents,hasFormationType,hasPdfCandidate"
就,"1,2,3",jiù,,ngay lập tức,not-found,京,,,hình thanh,source-backed,2,6,12,,PARTIAL,"hasHanViet,hasRadical,hasStrokeCount,hasPdfCandidate"
山,"1,2,3",shān,Sơn,núi,verified,山,Bộ Sơn,3,,not-available,0,10,12,,PASS,"hasComponents,hasFormationType,hasPdfCandidate"
岁,1,suì,,tuổi,verified,山,Bộ Sơn,6,,not-available,2,6,12,,PASS,"hasHanViet,hasFormationType,hasPdfCandidate"
左,"1,2,3",zuǒ,Tả,trái,verified,工,Bộ Công,,,not-available,2,6,12,581,PASS,"hasStrokeCount,hasFormationType"
差,"1,2,3",chà,Sai,khác nhau,verified,麥,Bộ Mạch,,,not-available,2,6,10,,PASS,"hasStrokeCount,hasFormationType,hasPdfCandidate"
带,"1,2,3",dài,Đai,"mang, mang theo",verified,巾,Bộ Cân,11,,not-available,0,6,12,,PASS,"hasComponents,hasFormationType,hasPdfCandidate"
帮,"1,2,3",bāng,,giúp,verified,巾,Bộ Cân,9,hình thanh,source-backed,2,6,12,,PASS,"hasHanViet,hasPdfCandidate"
常,"1,3",cháng,Thường,thường,verified,巾,Bộ Cân,11,hình thanh,source-backed,2,11,12,,PASS,hasPdfCandidate
干,"1,3",gān,Can,khô,verified,干,Bộ Can,,,not-available,0,9,12,69,PASS,"hasStrokeCount,hasComponents,hasFormationType"
年,"1,2",nián,Nên,năm,verified,禾,Bộ Hòa,6,,not-available,2,20,12,478,PASS,hasFormationType
床,"1,2",chuáng,Sàng,giường,verified,木,Bộ Mộc,,hình thanh,source-backed,2,7,12,559,PASS,hasStrokeCount
店,"1,2",diàn,Điếm,cửa hàng,verified,广,Bộ Nghiễm,8,hình thanh,source-backed,2,6,12,,PASS,hasPdfCandidate
度,"1,2",dù,Độ,độ,verified,又,Bộ Hựu,9,hình thanh,source-backed,2,10,12,,PASS,hasPdfCandidate
开,"1,2,3",kāi,Khai,lái xe,verified,門,Bộ Môn,,,not-available,3,20,12,314,PASS,"hasStrokeCount,hasFormationType"
张,"1,3",zhāng,Trương,một từ để đo các vật phẳng,verified,弓,Bộ Cung,,hình thanh,source-backed,2,6,12,,PASS,"hasStrokeCount,hasPdfCandidate"
待,1,dāi,Đãi,ở lại,verified,彳,Bộ Xích,9,hình thanh,source-backed,2,6,12,,PASS,hasPdfCandidate
很,"1,2,3",hěn,,rất,verified,彳,Bộ Xích,,hình thanh,source-backed,2,0,12,258,PARTIAL,"hasHanViet,hasStrokeCount,hasRelatedWords"
得,"1,2,3",děi,Đắc,"phải, cần",verified,彳,Bộ Xích,,,not-available,3,15,12,,PASS,"hasStrokeCount,hasFormationType,hasPdfCandidate"
忘,"1,2",wàng,Vong,quên,verified,心,Bộ Tâm,7,hình thanh,source-backed,2,6,12,,PASS,hasPdfCandidate
忙,"1,2,3",máng,Mang,bận,verified,忄,Bộ Tâm,,hình thanh,source-backed,2,6,12,388,PASS,hasStrokeCount
快,"1,2,3",kuài,Khoái,nhanh,verified,忄,Bộ Tâm,,hình thanh,source-backed,2,11,12,,PASS,"hasStrokeCount,hasPdfCandidate"
怕,"1,2,3",pà,,sợ,verified,忄,Bộ Tâm,8,hình thanh,source-backed,2,6,4,488,PASS,hasHanViet
您,"1,3",nín,,Ngài,verified,心,Bộ Tâm,,hình thanh,source-backed,2,1,12,,PASS,"hasHanViet,hasStrokeCount,hasPdfCandidate"
想,"1,3",xiǎng,Tưởng,nghĩ,verified,心,Bộ Tâm,,hình thanh,source-backed,2,9,12,,PASS,"hasStrokeCount,hasPdfCandidate"
慢,"1,2,3",màn,Mạn,chậm,verified,忄,Bộ Tâm,,hình thanh,source-backed,2,6,12,,PASS,"hasStrokeCount,hasPdfCandidate"
懂,"1,2,3",dǒng,,"hiểu, biết",verified,忄,Bộ Tâm,15,hình thanh,source-backed,2,6,0,,PARTIAL,"hasHanViet,hasSentences,hasPdfCandidate"
我,"1,2,3",wǒ,Ngã,tôi,verified,戈,Bộ Qua,,,not-available,1,6,12,427,PASS,"hasStrokeCount,hasFormationType"
手,"1,2",shǒu,Thủ,tay,verified,手,Bộ Thủ,,,not-available,0,15,12,,PASS,"hasStrokeCount,hasComponents,hasFormationType,hasPdfCandidate"
才,"1,2,3",cái,Tài,chỉ,not-found,,,3,,not-available,0,6,12,,PARTIAL,"hasRadical,hasComponents,hasFormationType,hasPdfCandidate"
打,"1,2",dǎ,Đả,chơi,verified,扌,Bộ Thủ,5,hình thanh,source-backed,2,20,12,188,PASS,
找,"1,2,3",zhǎo,Quơ,tìm kiếm,verified,扌,Bộ Thủ,,hình thanh,source-backed,2,6,12,,PASS,"hasStrokeCount,hasPdfCandidate"
拿,"1,2,3",ná,Nã,"lấy, giữ, mang",not-found,合,,,hội ý,needs-review,2,6,12,,PARTIAL,"hasRadical,hasStrokeCount,hasPdfCandidate"
挤,1,jǐ,,chật chội,verified,扌,Bộ Thủ,10,hình thanh,source-backed,2,6,6,,PASS,"hasHanViet,hasPdfCandidate"
挺,"1,2,3",tǐng,,khá,verified,扌,Bộ Thủ,12,hình thanh,source-backed,2,7,0,,PARTIAL,"hasHanViet,hasSentences,hasPdfCandidate"
换,"1,2,3",huàn,,đổi,verified,扌,Bộ Thủ,12,hình thanh,source-backed,2,6,4,,PASS,"hasHanViet,hasPdfCandidate"
接,"1,2,3",jiē,Tiếp,đón,verified,扌,Bộ Thủ,,hình thanh,source-backed,2,9,12,,PASS,"hasStrokeCount,hasPdfCandidate"
提,"1,2",tí,Đề,cầm,verified,扌,Bộ Thủ,12,hình thanh,source-backed,2,10,12,,PASS,hasPdfCandidate
改,"1,2",gǎi,,"thay đổi, sửa đổi",verified,攵,Bộ Phộc,7,hình thanh,source-backed,2,6,12,63,PASS,hasHanViet
放,"1,2,3",fàng,Phóng,đặt,verified,攵,Bộ Phộc,,hình thanh,source-backed,2,10,12,,PASS,"hasStrokeCount,hasPdfCandidate"
教,"1,2,3",jiāo,Giáo,giảng dạy,verified,攵,Bộ Phộc,,hình thanh,source-backed,2,16,12,242,PASS,hasStrokeCount
斤,"1,2,3",jīn,Cân,cân,verified,斤,Bộ Cân,4,,not-available,0,6,0,83,PARTIAL,"hasComponents,hasFormationType,hasSentences"
新,"1,2,3",xīn,Tân,mới,verified,斤,Bộ Cân,,hình thanh,source-backed,3,10,12,,PASS,"hasStrokeCount,hasPdfCandidate"
日,"1,2,3",rì,Nhật,mặt trời,verified,日,Bộ Nhật,,,not-available,0,16,12,,PASS,"hasStrokeCount,hasComponents,hasFormationType,hasPdfCandidate"
旧,"1,3",jiù,Cựu,cũ,verified,丨,"Bộ Thụ, Cổn",5,,not-available,2,6,5,,PASS,"hasFormationType,hasPdfCandidate"
早,"1,2",zǎo,Tảo,sớm,verified,日,Bộ Nhật,6,hình thanh,source-backed,2,8,12,591,PASS,
是,"1,2,3",shì,Thị,là,not-found,旦,,,hình thanh,source-backed,2,15,12,663,PARTIAL,"hasRadical,hasStrokeCount"
晚,1,wǎn,Vãn,muộn,verified,日,Bộ Nhật,11,hình thanh,source-backed,2,9,12,,PASS,hasPdfCandidate
最,"1,2,3",zuì,Tối,nhất,not-found,冃,,,hình thanh,source-backed,2,6,12,,PARTIAL,"hasRadical,hasStrokeCount,hasPdfCandidate"
月,1,yuè,Nguyệt,Tháng,verified,月,"Bộ Nguyệt,Nhục",4,,not-available,0,6,12,,PASS,"hasComponents,hasFormationType,hasPdfCandidate"
有,"1,2,3",yǒu,Hữu,có,verified,又,Bộ Hựu,,,not-available,2,20,12,312,PASS,"hasStrokeCount,hasFormationType"
本,"1,2,3",běn,Bản,một từ để đo sách,verified,木,Bộ Mộc,,,not-available,2,13,12,"5,27",PASS,"hasStrokeCount,hasFormationType"
束,"1,3",shù,Thút,"bó, chùm",verified,木,Bộ Mộc,7,,not-available,0,6,5,694,PASS,"hasComponents,hasFormationType"
条,"1,2,3",tiáo,Điều,dải,verified,木,Bộ Mộc,7,,not-available,2,9,12,,PASS,"hasFormationType,hasPdfCandidate"
来,"1,2,3",lái,Lai,đến,not-found,,,,,not-available,0,20,12,,PARTIAL,"hasRadical,hasStrokeCount,hasComponents,hasFormationType,hasPdfCandidate"
杯,"1,2",bēi,Bôi,cái cốc,verified,木,Bộ Mộc,8,hình thanh,source-backed,2,6,12,,PASS,hasPdfCandidate
树,"1,3",shù,Thụ,cây,verified,木,Bộ Mộc,,hình thanh,source-backed,2,6,12,,PASS,"hasStrokeCount,hasPdfCandidate"
棒,1,bàng,Vổng,tuyệt vời,verified,木,Bộ Mộc,12,hình thanh,source-backed,2,6,5,,PASS,hasPdfCandidate
楼,"1,2,3",lóu,Lầu,tòa nhà,verified,木,Bộ Mộc,,hình thanh,source-backed,2,7,12,,PASS,"hasStrokeCount,hasPdfCandidate"
次,"1,2,3",cì,Thứ,lần,verified,二,Bộ Nhị,,,not-available,2,8,12,705,PASS,"hasStrokeCount,hasFormationType"
歌,1,gē,Ca,bài hát,verified,欠,Bộ Khiếm,14,hình thanh,source-backed,2,8,12,,PASS,hasPdfCandidate
正,"1,2,3",zhèng,Chính,chính xác,not-found,◎,,,,not-available,2,9,12,111,PARTIAL,"hasRadical,hasStrokeCount,hasFormationType"
死,"1,3",sǐ,Phơi / Tử,chết,verified,歹,Bộ Đãi,6,,not-available,2,6,1,788,PASS,hasFormationType
每,"1,2,3",měi,Dằm / Mỗi,mỗi,not-found,◎,,7,,not-available,2,6,12,412,PARTIAL,"hasRadical,hasFormationType"
比,"1,2,3",bǐ,Tỉ,so sánh,verified,人,Bộ Nhân,,,not-available,2,9,12,710,PASS,"hasStrokeCount,hasFormationType"
毛,"1,2,3",máo,Mao,mao,verified,毛,Bộ Mao,,,not-available,0,8,8,393,PASS,"hasStrokeCount,hasComponents,hasFormationType"
水,"1,2,3",shuǐ,Héo / Thuỷ,nước,verified,水,Bộ Thủy,,,not-available,0,12,12,695,PASS,"hasStrokeCount,hasComponents,hasFormationType"
汗,1,hàn,,mồ hôi,verified,氵,Bộ Thủy,6,hình thanh,source-backed,2,6,0,,PARTIAL,"hasHanViet,hasSentences,hasPdfCandidate"
没,"1,3",méi,Mớ / Một,không có,verified,氵,Bộ Thủy,,,not-available,3,12,12,416,PASS,"hasStrokeCount,hasFormationType"
洗,"1,2,3",xǐ,Tẩy,rửa,verified,氵,Bộ Thủy,,hình thanh,source-backed,2,7,11,610,PASS,hasStrokeCount
浅,1,qiǎn,Thiển,nông,verified,氵,Bộ Thủy,9,hình thanh,source-backed,2,6,4,,PASS,hasPdfCandidate
深,"1,3",shēn,Thâm,sâu,verified,氵,Bộ Thủy,11,hình thanh,source-backed,2,7,12,,PASS,hasPdfCandidate
渴,"1,3",kě,Khát,khát,verified,氵,Bộ Thủy,,hình thanh,source-backed,2,6,6,,PASS,"hasStrokeCount,hasPdfCandidate"
湖,"1,2",hú,Hồ,hồ,verified,氵,Bộ Thủy,12,hình thanh,source-backed,2,6,4,,PASS,hasPdfCandidate
灰,1,huī,Hôi,màu xám,verified,又,Bộ Hựu,6,hội ý,needs-review,2,6,4,,PASS,hasPdfCandidate
炒,1,chǎo,Sao,"xào, chiên",verified,火,Bộ Hỏa,8,hình thanh,source-backed,2,6,8,,PASS,hasPdfCandidate
点,"1,2,3",diǎn,Điểm,giờ,verified,灬,Bộ Hỏa,9,hình thanh,source-backed,2,20,12,,PASS,hasPdfCandidate
热,"1,2",rè,Nhiệt,nóng,verified,灬,Bộ Hỏa,10,,not-available,2,7,12,,PASS,"hasFormationType,hasPdfCandidate"
爱,"1,2,3",ài,Ái,yêu,not-found,友,,,hình thanh,source-backed,2,12,12,11,PARTIAL,"hasRadical,hasStrokeCount"
狗,"1,2,3",gǒu,Cẩu,con chó,verified,犭,Bộ Khuyển,,hình thanh,source-backed,2,6,2,88,PASS,hasStrokeCount
猫,"1,2,3",māo,Mèo,con mèo,verified,犭,Bộ Khuyển,,hình thanh,source-backed,2,6,10,,PASS,"hasStrokeCount,hasPdfCandidate"
玩,"1,2,3",wán,Ngoạn,chơi với,not-found,𤣩,,8,hình thanh,source-backed,2,11,12,,PARTIAL,"hasRadical,hasPdfCandidate"
班,"1,2,3",bān,Ban,ca làm việc,not-found,玨,,,,not-available,2,10,12,,PARTIAL,"hasRadical,hasStrokeCount,hasFormationType,hasPdfCandidate"
球,"1,2",qiú,Cầu,quả bóng,not-found,𤣩,,11,hình thanh,source-backed,2,16,12,,PARTIAL,"hasRadical,hasPdfCandidate"
瓶,"1,2",píng,Bình,chai,verified,瓦,Bộ Ngõa,10,hình thanh,source-backed,2,6,4,,PASS,hasPdfCandidate
甜,"1,3",tián,,ngọt,verified,舌,Bộ Thiệt,11,hội ý,needs-review,2,6,5,,PASS,"hasHanViet,hasPdfCandidate"
用,"1,3",yòng,Dụng,sử dụng,verified,用,Bộ Dụng,,,not-available,0,15,12,180,PASS,"hasStrokeCount,hasComponents,hasFormationType"
电,"1,3",diàn,,điện,not-found,,,5,,not-available,0,15,12,208,PARTIAL,"hasHanViet,hasRadical,hasComponents,hasFormationType"
男,"1,2,3",nán,Nam,nam,verified,田,Bộ Điền,,hội ý,needs-review,2,8,12,423,PASS,hasStrokeCount
疯,1,fēng,Phong,"điên, điên rồ",verified,疒,Bộ Nạch,9,hình thanh,source-backed,2,6,3,,PASS,hasPdfCandidate
疼,"1,2,3",téng,,đau,verified,疒,Bộ Nạch,10,hình thanh,source-backed,2,6,12,,PASS,"hasHanViet,hasPdfCandidate"
病,1,bìng,Bệnh,bệnh,verified,疒,Bộ Nạch,10,hình thanh,source-backed,2,8,12,42,PASS,
白,"1,2,3",bái,Bạch,trắng,verified,白,Bộ Bạch,,,not-available,0,13,12,24,PASS,"hasStrokeCount,hasComponents,hasFormationType"
百,"1,2,3",bǎi,Vầu / Bách,Trăm,verified,一,Bộ Nhất,,hình thanh,source-backed,2,7,12,,PASS,"hasStrokeCount,hasPdfCandidate"
的,1,de,Đích,một hạt,verified,白,Bộ Bạch,8,hình thanh,source-backed,2,12,12,,PASS,hasPdfCandidate
看,"1,2,3",kàn,Trầu / Khan,"nhìn, xem",verified,手,Bộ Thủ,,hội ý,needs-review,2,13,12,315,PASS,hasStrokeCount
真,"1,2,3",zhēn,Chân,thật,verified,匕,"Bộ Tỷ, Chủy",,,not-available,2,8,12,,PASS,"hasStrokeCount,hasFormationType,hasPdfCandidate"
着,"1,2,3",zhe,Trứ,động từ tiếp diễn,verified,艹,Bộ Thảo,,hình thanh,source-backed,2,7,12,,PASS,"hasStrokeCount,hasPdfCandidate"
睡,1,shuì,Thụy,ngủ,verified,目,Bộ Mục,13,hình thanh,source-backed,2,9,12,,PASS,hasPdfCandidate
破,"1,3",pò,Phá,vỡ,verified,石,Bộ Thạch,10,hình thanh,source-backed,2,7,6,,PASS,hasPdfCandidate
碗,"1,2,3",wǎn,,cái bát,verified,石,Bộ Thạch,13,hình thanh,source-backed,2,6,2,,PASS,"hasHanViet,hasPdfCandidate"
祝,"1,3",zhù,Chúc,chúc,not-found,礻,,9,,not-available,3,6,12,114,PARTIAL,"hasRadical,hasFormationType"
票,"1,2,3",piào,Phiếu,vé,not-found,覀,,,,not-available,2,10,12,,PARTIAL,"hasRadical,hasStrokeCount,hasFormationType,hasPdfCandidate"
种,"1,2,3",zhǒng,Chõng,loại,verified,禾,Bộ Hòa,9,hình thanh,source-backed,2,9,12,,PASS,hasPdfCandidate
穿,"1,2,3",chuān,Xuyên,mặc,verified,穴,Bộ Huyệt,,hội ý,needs-review,2,6,12,,PASS,"hasStrokeCount,hasPdfCandidate"
站,"1,2,3",zhàn,Trạm,đứng,verified,立,Bộ Lập,,hình thanh,source-backed,2,7,12,,PASS,"hasStrokeCount,hasPdfCandidate"
笑,"1,2,3",xiào,,cười,not-found,⺮,,,hình thanh,source-backed,2,7,12,726,PARTIAL,"hasHanViet,hasRadical,hasStrokeCount"
第,"1,2",dì,Nồng / Đệ,thứ,verified,竹,Bộ Trúc,11,hình thanh,source-backed,2,6,12,,PASS,hasPdfCandidate
等,"1,2,3",děng,Đẳng,đợi,not-found,⺮,,,hội ý,needs-review,2,7,12,,PARTIAL,"hasRadical,hasStrokeCount,hasPdfCandidate"
系,"1,3",xì,Hệ,khoa,verified,又,Bộ Hựu,7,,not-available,2,7,12,,PASS,"hasFormationType,hasPdfCandidate"
累,"1,2,3",lèi,Luỵ,mệt mỏi,not-found,,,,,not-available,0,6,10,,PARTIAL,"hasRadical,hasStrokeCount,hasComponents,hasFormationType,hasPdfCandidate"
给,"1,2,3",gěi,Cấp,cho,verified,纟,Bộ Mịch,9,hình thanh,source-backed,2,6,12,,PASS,hasPdfCandidate
绿,"1,2,3",lǜ,Lục,xanh lá,verified,纟,Bộ Mịch,11,hình thanh,source-backed,2,7,4,,PASS,hasPdfCandidate
编,1,biān,Biên,tổ chức,verified,纟,Bộ Mịch,12,hình thanh,source-backed,2,6,2,,PASS,hasPdfCandidate
美,"1,3",měi,Mỉ,đẹp,verified,羊,Bộ Dương,9,,not-available,2,13,12,420,PASS,hasFormationType
老,"1,2,3",lǎo,Lão,già,verified,老,Bộ Lão,,,not-available,3,16,12,,PASS,"hasStrokeCount,hasFormationType,hasPdfCandidate"
考,"1,2",kǎo,Khảo,thi,verified,老,Bộ Lão,6,hình thanh,source-backed,2,7,12,,PASS,hasPdfCandidate
肉,"1,2",ròu,,thịt,verified,肉,Bộ Nhục,6,,not-available,0,7,10,,PASS,"hasHanViet,hasComponents,hasFormationType,hasPdfCandidate"
背,"1,2,3",bēi,Bối,mang trên lưng,verified,肉,Bộ Nhục,9,hình thanh,source-backed,2,6,6,,PASS,hasPdfCandidate
能,"1,3",néng,Năng,có thể,not-found,◎,,,,not-available,3,10,12,,PARTIAL,"hasRadical,hasStrokeCount,hasFormationType,hasPdfCandidate"
脏,"1,2,3",zāng,Tạng,bẩn,verified,月,"Bộ Nguyệt,Nhục",10,hình thanh,source-backed,2,6,2,,PASS,hasPdfCandidate
节,"1,2,3",jié,Tiết,ngày lễ,verified,艹,Bộ Thảo,5,,not-available,2,11,12,724,PASS,hasFormationType
花,"1,2,3",huā,Hoa,hoa,verified,艹,Bộ Thảo,,hình thanh,source-backed,2,8,12,267,PASS,hasStrokeCount
茶,"1,2,3",chá,Trà,trà,verified,艹,Bộ Thảo,,hình thanh,source-backed,2,6,12,,PASS,"hasStrokeCount,hasPdfCandidate"
药,"1,2,3",yào,Dược,thuốc,verified,艹,Bộ Thảo,,hình thanh,source-backed,2,10,11,183,PASS,hasStrokeCount
菜,"1,3",cài,,món ăn,verified,艹,Bộ Thảo,,hình thanh,source-backed,2,10,12,,PASS,"hasHanViet,hasStrokeCount,hasPdfCandidate"
蓝,"1,2,3",lán,Lam,xanh da trời,verified,艹,Bộ Thảo,13,hình thanh,source-backed,2,6,1,,PASS,hasPdfCandidate
行,"1,2,3",xíng,Hàng,được,verified,行,Bộ Hành,,,not-available,0,16,12,252,PASS,"hasStrokeCount,hasComponents,hasFormationType"
补,"1,3",bǔ,Bổ,"sửa chữa, bổ sung",verified,衤,Bộ Y,7,hình thanh,source-backed,2,7,3,,PASS,hasPdfCandidate
袋,1,dài,Đãy,túi,verified,衣,Bộ Y,11,hình thanh,source-backed,2,6,1,,PASS,hasPdfCandidate
西,"1,3",xī,Tây,tây,not-found,,,,,not-available,0,16,12,608,PARTIAL,"hasRadical,hasStrokeCount,hasComponents,hasFormationType"
要,"1,2,3",yào,Yếu,nếu,not-found,覀,,,,not-available,2,11,12,,PARTIAL,"hasRadical,hasStrokeCount,hasFormationType,hasPdfCandidate"
见,1,jiàn,Kiến,gặp,verified,目,Bộ Mục,4,,not-available,2,15,12,335,PASS,hasFormationType
让,"1,2,3",ràng,Nhường,cho phép,verified,讠,Bộ Ngôn,5,hình thanh,source-backed,2,6,12,,PASS,hasPdfCandidate
记,"1,3",jì,Kí,ghi lại,verified,讠,Bộ Ngôn,5,hình thanh,source-backed,2,10,12,,PASS,hasPdfCandidate
试,"1,2,3",shì,Thí,thử,verified,讠,Bộ Ngôn,,hình thanh,source-backed,2,7,12,,PASS,"hasStrokeCount,hasPdfCandidate"
话,"1,2",huà,Thoại,câu nói,verified,言,Bộ Ngôn,8,hình thanh,source-backed,2,18,12,,PASS,hasPdfCandidate
说,1,shuō,Thuyết,nói,verified,讠,Bộ Ngôn,9,hình thanh,source-backed,2,12,12,,PASS,hasPdfCandidate
请,"1,2",qǐng,Thỉnh,mời,verified,讠,Bộ Ngôn,10,hình thanh,source-backed,2,12,12,658,PASS,
读,"1,2,3",dú,Độc,đọc,verified,讠,Bộ Ngôn,,hình thanh,source-backed,2,7,12,,PASS,"hasStrokeCount,hasPdfCandidate"
课,"1,2,3",kè,Khoá,bài học,verified,讠,Bộ Ngôn,,hình thanh,source-backed,2,10,12,,PASS,"hasStrokeCount,hasPdfCandidate"
谁,"1,2,3",shéi,,ai,verified,讠,Bộ Ngôn,,hình thanh,source-backed,2,2,12,,PASS,"hasHanViet,hasStrokeCount,hasPdfCandidate"
贵,"1,2,3",guì,Quý,đắt,not-found,◎,,,,not-available,2,8,12,,PARTIAL,"hasRadical,hasStrokeCount,hasFormationType,hasPdfCandidate"
走,"1,2,3",zǒu,Tẩu,đi bộ,verified,走,Bộ Tẩu,,,not-available,2,10,12,606,PASS,"hasStrokeCount,hasFormationType"
起,"1,3",qǐ,Khởi,bắt đầu,verified,走,Bộ Tẩu,10,hình thanh,source-backed,2,10,12,,PASS,hasPdfCandidate
趟,1,tàng,,chuyến,verified,走,Bộ Tẩu,15,hình thanh,source-backed,2,1,2,,PASS,"hasHanViet,hasPdfCandidate"
跑,"1,2",pǎo,,chạy,verified,足,Bộ Túc,12,hình thanh,source-backed,2,6,12,,PASS,"hasHanViet,hasPdfCandidate"
跟,"1,2,3",gēn,Ngấn,với,verified,足,Bộ Túc,,hình thanh,source-backed,2,6,11,,PASS,"hasStrokeCount,hasPdfCandidate"
路,"1,2,3",lù,Lộ,đường,verified,足,Bộ Túc,,hình thanh,source-backed,2,14,12,359,PASS,hasStrokeCount
车,1,chē,Xa,xe,verified,车,Bộ Xa,4,,not-available,0,20,12,823,PASS,"hasComponents,hasFormationType"
辆,"1,2,3",liàng,,chiếc,verified,车,Bộ Xa,11,hình thanh,source-backed,2,1,2,,PASS,"hasHanViet,hasPdfCandidate"
边,"1,2",biān,Biên,bên,verified,辶,Bộ Sước,5,,not-available,4,20,12,,PASS,"hasFormationType,hasPdfCandidate"
过,"1,2,3",guò,Quá,đã qua,verified,辶,Bộ Sước,,hình thanh,source-backed,2,15,12,,PASS,"hasStrokeCount,hasPdfCandidate"
还,"1,2,3",hái,Hoàn,"vẫn, thêm nữa",verified,辶,Bộ Sước,,,not-available,0,7,12,,PASS,"hasStrokeCount,hasComponents,hasFormationType,hasPdfCandidate"
这,"1,2,3",zhè,,điều này,verified,辶,Bộ Sước,,,not-available,2,10,12,,PASS,"hasHanViet,hasStrokeCount,hasFormationType,hasPdfCandidate"
进,"1,2,3",jìn,Tiến,vào,verified,辶,Bộ Sước,,hình thanh,source-backed,2,15,12,721,PASS,hasStrokeCount
远,"1,2,3",yuǎn,Viễn,xa,verified,辶,Bộ Sước,,hình thanh,source-backed,2,8,12,,PASS,"hasStrokeCount,hasPdfCandidate"
送,"1,2,3",sòng,Tống,tặng,verified,辶,Bộ Sước,,,not-available,3,7,12,,PASS,"hasStrokeCount,hasFormationType,hasPdfCandidate"
逛,1,guàng,,dạo quanh,verified,辶,Bộ Sước,11,hình thanh,source-backed,2,4,4,,PASS,"hasHanViet,hasPdfCandidate"
道,"1,2",dào,Đạo,loại,verified,辶,Bộ Sước,12,hình thanh,source-backed,2,14,12,196,PASS,
那,"1,2,3",nà,Na,đó,not-found,⻏,,,hình thanh,source-backed,2,11,12,,PARTIAL,"hasRadical,hasStrokeCount,hasPdfCandidate"
都,"1,2,3",dōu,Đô,tất cả,not-found,⻏,,,hình thanh,source-backed,2,6,12,,PARTIAL,"hasRadical,hasStrokeCount,hasPdfCandidate"
酒,"1,2,3",jiǔ,,rượu,verified,氵,Bộ Thủy,10,hình thanh,source-backed,2,11,12,798,PASS,hasHanViet
醉,1,zuì,,say rượu,verified,酉,Bộ Dậu,15,hình thanh,source-backed,2,6,4,784,PASS,hasHanViet
里,"1,3",lǐ,Lịa,trong,verified,田,Bộ Điền,7,hội ý,needs-review,2,12,12,376,PASS,
重,"1,2,3",zhòng,Trọng,nặng,verified,亻,Bộ Nhân,,,not-available,2,10,12,761,PASS,"hasStrokeCount,hasFormationType"
钱,"1,2",qián,Tiền,tiền,verified,金,Bộ Kim,10,hình thanh,source-backed,2,7,12,,PASS,hasPdfCandidate
错,"1,2,3",cuò,Thó,sai,verified,钅,Bộ Kim,,,not-available,0,6,12,,PASS,"hasStrokeCount,hasComponents,hasFormationType,hasPdfCandidate"
长,"1,2,3",cháng,Trường,dài,not-found,,,4,,not-available,0,20,12,,PARTIAL,"hasRadical,hasComponents,hasFormationType,hasPdfCandidate"
门,"1,2,3",mén,Môn,"cửa, cổng, lối vào",verified,门,Bộ Môn,,,not-available,0,12,12,,PASS,"hasStrokeCount,hasComponents,hasFormationType,hasPdfCandidate"
问,"1,2,3",wèn,,hỏi,verified,口,Bộ Khẩu,11,hình thanh,source-backed,2,10,12,,PASS,"hasHanViet,hasPdfCandidate"
间,"1,2",jiān,Gian,phòng,verified,门,Bộ Môn,7,,not-available,2,10,12,,PASS,"hasFormationType,hasPdfCandidate"
难,"1,3",nán,Nan,khó,verified,隹,Bộ Chuy,,,not-available,2,16,12,,PASS,"hasStrokeCount,hasFormationType,hasPdfCandidate"
雨,1,yǔ,Vũ,mưa,verified,雨,Bộ Vũ,8,,not-available,0,8,12,817,PASS,"hasComponents,hasFormationType"
雪,"1,2,3",xuě,,tuyết,verified,雨,Bộ Vũ,,hình thanh,source-backed,2,8,9,,PASS,"hasHanViet,hasStrokeCount,hasPdfCandidate"
零,"1,2,3",líng,Lênh,không,verified,雨,Bộ Vũ,,hình thanh,source-backed,2,6,9,,PASS,"hasStrokeCount,hasPdfCandidate"
页,"1,3",yè,,trang,verified,首,Bộ Thủ,,,not-available,2,6,4,,PASS,"hasHanViet,hasStrokeCount,hasFormationType,hasPdfCandidate"
题,"1,2,3",tí,,đề bài,verified,頁,Bộ Hiệt,15,hình thanh,source-backed,2,10,12,,PASS,"hasHanViet,hasPdfCandidate"
风,"1,3",fēng,Phong,gió,not-found,凡,,4,hình thanh,source-backed,2,8,12,,PARTIAL,"hasRadical,hasPdfCandidate"
飞,"1,2",fēi,Phi,bay,not-found,,,3,,not-available,0,6,12,,PARTIAL,"hasRadical,hasComponents,hasFormationType,hasPdfCandidate"
饭,1,fàn,,bữa ăn,verified,饣,Bộ Thực,7,hình thanh,source-backed,2,10,12,,PASS,"hasHanViet,hasPdfCandidate"
饿,"1,3",è,,đói,verified,饣,Bộ Thực,,hình thanh,source-backed,2,6,6,,PASS,"hasHanViet,hasStrokeCount,hasPdfCandidate"
首,1,shǒu,Thủ,đoạn,verified,首,Bộ Thủ,9,,not-available,2,6,12,687,PASS,hasFormationType
骑,"1,2,3",qí,Kị,cưỡi,verified,马,Bộ Mã,18,hình thanh,source-backed,2,6,3,,PASS,hasPdfCandidate
高,"1,2,3",gāo,Cao,cao,verified,高,Bộ Cao,,,not-available,0,14,12,71,PASS,"hasStrokeCount,hasComponents,hasFormationType"
鱼,"1,2,3",yú,Ngư,cá,verified,鱼,Bộ Ngư,8,,not-available,0,6,3,,PASS,"hasComponents,hasFormationType,hasPdfCandidate"
鸟,"1,2,3",niǎo,Điểu,chim,verified,鸟,Bộ Điểu,5,,not-available,0,6,5,,PASS,"hasComponents,hasFormationType,hasPdfCandidate"
黄,"1,2,3",huáng,Hoàng,vàng,not-found,,,11,,not-available,0,7,5,279,PARTIAL,"hasRadical,hasComponents,hasFormationType"
黑,"1,2,3",hēi,Hắc,đen,verified,黑,Bộ Hắc,12,,not-available,0,8,5,256,PASS,"hasComponents,hasFormationType"
万,"2,3",wàn,Vạn,Mười ngàn,not-found,,,,,not-available,0,7,9,,PARTIAL,"hasRadical,hasStrokeCount,hasComponents,hasFormationType,hasPdfCandidate"
丝,2,sī,Tơ,sợi,verified,纟,Bộ Mịch,5,hội ý,needs-review,2,6,1,,PASS,hasPdfCandidate
临,2,lín,,sắp,verified,丨,"Bộ Thụ, Cổn",9,hình thanh,source-backed,2,6,8,,PASS,"hasHanViet,hasPdfCandidate"
为,"2,3",wèi,,cho,verified,又,Bộ Hựu,,,not-available,2,11,12,,PASS,"hasHanViet,hasStrokeCount,hasFormationType,hasPdfCandidate"
举,2,jǔ,cử,"trích dẫn, liệt kê",verified,手,Bộ Thủ,,,not-available,2,6,12,,PASS,"hasStrokeCount,hasFormationType,hasPdfCandidate"
乱,"2,3",luàn,Loạn,bừa bãi,verified,舌,Bộ Thiệt,7,,not-available,2,7,5,356,PASS,hasFormationType
云,2,yún,Vân,mây,not-found,,,,,not-available,0,6,3,802,PARTIAL,"hasRadical,hasStrokeCount,hasComponents,hasFormationType"
交,2,jiāo,Giao,giao,not-found,,,,,not-available,0,16,12,241,PARTIAL,"hasRadical,hasStrokeCount,hasComponents,hasFormationType"
亮,2,liàng,,sáng,verified,人,Bộ Nhân,,hình thanh,source-backed,2,8,12,,PASS,"hasHanViet,hasStrokeCount,hasPdfCandidate"
亿,2,yì,Ức,một trăm triệu,verified,亻,Bộ Nhân,,hình thanh,source-backed,2,5,1,,PASS,"hasStrokeCount,hasPdfCandidate"
份,2,fèn,Phần,phần,verified,亻,Bộ Nhân,,hình thanh,source-backed,2,6,12,,PASS,"hasStrokeCount,hasPdfCandidate"
但,2,dàn,,nhưng,verified,亻,Bộ Nhân,7,hình thanh,source-backed,2,6,12,,PASS,"hasHanViet,hasPdfCandidate"
位,"2,3",wèi,Vị,vị,verified,亻,Bộ Nhân,,hội ý,needs-review,2,7,12,808,PASS,hasStrokeCount
低,"2,3",dī,Đây,thấp,verified,亻,Bộ Nhân,,hình thanh,source-backed,2,6,2,,PASS,"hasStrokeCount,hasPdfCandidate"
信,"2,3",xìn,Tín,thư,verified,亻,Bộ Nhân,,hội ý,needs-review,2,12,12,727,PASS,hasStrokeCount
假,2,jiǎ,,giả,verified,亻,Bộ Nhân,,hình thanh,source-backed,2,12,12,,PASS,"hasHanViet,hasStrokeCount,hasPdfCandidate"
停,2,tíng,Đình,dừng,verified,亻,Bộ Nhân,,hình thanh,source-backed,2,6,12,,PASS,"hasStrokeCount,hasPdfCandidate"
傻,2,shǎ,,ngu ngốc,verified,亻,Bộ Nhân,13,hội ý,needs-review,4,7,6,,PASS,"hasHanViet,hasPdfCandidate"
像,"2,3",xiàng,Tượng,giống như,verified,亻,Bộ Nhân,,hình thanh,source-backed,2,7,12,,PASS,"hasStrokeCount,hasPdfCandidate"
克,2,kè,Khắc,gam,not-found,◎,,,,not-available,2,8,4,,PARTIAL,"hasRadical,hasStrokeCount,hasFormationType,hasPdfCandidate"
入,2,rù,Nhập,đi vào,verified,入,Bộ Nhập,2,,not-available,0,8,10,463,PASS,"hasComponents,hasFormationType"
全,"2,3",quán,Toàn,toàn bộ,verified,入,Bộ Nhập,6,,not-available,2,14,12,,PASS,"hasFormationType,hasPdfCandidate"
养,"2,3",yǎng,Dưỡng,nuôi dưỡng,verified,羊,Bộ Dương,9,hình thanh,source-backed,2,9,12,,PASS,hasPdfCandidate
凉,2,liáng,Lương,mát,verified,冫,Bộ Băng,10,hình thanh,source-backed,2,7,5,,PASS,hasPdfCandidate
切,2,qiē,Thiết,cắt,verified,刀,Bộ Đao,4,hình thanh,source-backed,2,6,12,,PASS,hasPdfCandidate
列,2,liè,Liệt,hàng,verified,刂,Bộ Đao,6,hình thanh,source-backed,2,6,6,,PASS,hasPdfCandidate
剥,2,bāo,Bóc,bóc,verified,刂,Bộ Đao,10,hình thanh,source-backed,2,6,0,,PARTIAL,"hasSentences,hasPdfCandidate"
副,2,fù,Phó,phó,verified,刂,Bộ Đao,11,hình thanh,source-backed,2,6,6,,PASS,hasPdfCandidate
办,"2,3",bàn,Biện,"làm, quản lý",verified,力,Bộ Lực,4,hình thanh,source-backed,2,6,12,,PASS,hasPdfCandidate
加,"2,3",jiā,Gia,cộng,verified,力,Bộ Lực,5,hội ý,needs-review,2,9,12,,PASS,hasPdfCandidate
匾,2,biǎn,,"biển hiệu, hoành phi",not-found,,,,,not-available,0,3,2,,PARTIAL,"hasHanViet,hasRadical,hasStrokeCount,hasComponents,hasFormationType,hasPdfCandidate"
占,2,zhàn,Chiêm,chiếm,verified,卜,Bộ Bốc,5,hội ý,needs-review,2,6,1,,PASS,hasPdfCandidate
卡,"2,3",kǎ,,thẻ,verified,卜,Bộ Bốc,5,hội ý,needs-review,2,9,7,,PASS,"hasHanViet,hasPdfCandidate"
卧,2,wò,,nằm,verified,臣,Bộ Thần,8,,not-available,2,7,4,436,PASS,"hasHanViet,hasFormationType"
厚,2,hòu,,dày,verified,厂,Bộ,9,,not-available,2,6,1,,PASS,"hasHanViet,hasFormationType,hasPdfCandidate"
发,"2,3",fā,Phát,gửi,not-found,,,,,not-available,0,20,12,,PARTIAL,"hasRadical,hasStrokeCount,hasComponents,hasFormationType,hasPdfCandidate"
取,2,qǔ,Thủ,lấy,verified,耳,Bộ Nhĩ,,,not-available,2,6,11,683,PASS,"hasStrokeCount,hasFormationType"
变,"2,3",biàn,Biến,trở thành,verified,夂,Bộ Tuy,8,hình thanh,source-backed,2,8,12,,PASS,hasPdfCandidate
句,"2,3",jù,Câu,câu,verified,口,Bộ Khẩu,5,hình thanh,source-backed,2,6,2,143,PASS,
各,"2,3",gè,Các,mỗi,verified,夂,Bộ Tuy,6,,not-available,2,6,12,,PASS,"hasFormationType,hasPdfCandidate"
名,2,míng,Danh,một lượng từ cho nghề nghiệp,verified,夕,Bộ Tịch,6,hội ý,needs-review,2,12,12,159,PASS,
向,"2,3",xiàng,Hướng,hướng về,verified,宀,Bộ Miên,,,not-available,0,6,12,,PASS,"hasStrokeCount,hasComponents,hasFormationType,hasPdfCandidate"
吓,2,xià,Hách,dọa,verified,口,Bộ Khẩu,6,hình thanh,source-backed,2,6,6,,PASS,hasPdfCandidate
吵,"2,3",chǎo,Sảo,ồn ào,verified,口,Bộ Khẩu,6,hình thanh,source-backed,2,6,4,,PASS,hasPdfCandidate
吹,2,chuī,Xuy,thổi,verified,口,Bộ Khẩu,,hình thanh,source-backed,2,7,5,833,PASS,hasStrokeCount
呆,2,dāi,Ngốc,ở lại,verified,口,Bộ Khẩu,7,hội ý,needs-review,2,6,7,,PASS,hasPdfCandidate
周,2,zhōu,Chu,tuần,verified,口,Bộ Khẩu,8,,not-available,0,10,12,,PASS,"hasComponents,hasFormationType,hasPdfCandidate"
味,2,wèi,Vị,"Vị, mùi vị",verified,口,Bộ Khẩu,,hình thanh,source-backed,2,9,12,809,PASS,hasStrokeCount
咬,2,yǎo,Rao,cắn,verified,口,Bộ Khẩu,9,hình thanh,source-backed,2,6,5,,PASS,hasPdfCandidate
咱,2,zán,,"tôi, chúng tôi",verified,口,Bộ Khẩu,9,hình thanh,source-backed,2,4,0,,PARTIAL,"hasHanViet,hasSentences,hasPdfCandidate"
响,2,xiǎng,Hưởng,"phát ra âm thanh, kêu",verified,口,Bộ Khẩu,,hình thanh,source-backed,2,7,12,,PASS,"hasStrokeCount,hasPdfCandidate"
哭,"2,3",kū,Khóc,khóc,not-found,吅,,,hội ý,needs-review,2,6,4,,PARTIAL,"hasRadical,hasStrokeCount,hasPdfCandidate"
喊,2,hǎn,,hét lên,verified,口,Bộ Khẩu,,hình thanh,source-backed,2,6,0,,PARTIAL,"hasHanViet,hasStrokeCount,hasSentences,hasPdfCandidate"
嘴,"2,3",zuǐ,,miệng,verified,口,Bộ Khẩu,,hình thanh,source-backed,2,6,1,,PASS,"hasHanViet,hasStrokeCount,hasPdfCandidate"
围,"2,3",wéi,Vè,bao quanh,verified,囗,Bộ Vi,7,hình thanh,source-backed,2,6,4,,PASS,hasPdfCandidate
圆,"2,3",yuán,Viên,tròn,verified,囗,Bộ Vi,13,hình thanh,source-backed,2,6,6,,PASS,hasPdfCandidate
坡,2,pō,Pha,dốc,verified,土,Bộ Thổ,8,hình thanh,source-backed,2,6,5,,PASS,hasPdfCandidate
城,"2,3",chéng,Thành,thành phố,verified,土,Bộ Thổ,9,hình thanh,source-backed,2,7,12,625,PASS,
塌,2,tā,,sụp đổ,verified,土,Bộ Thổ,13,,not-available,1,6,0,,PARTIAL,"hasHanViet,hasFormationType,hasSentences,hasPdfCandidate"
塞,2,sāi,Tắc,nhét,verified,宀,Bộ Miên,13,,not-available,5,6,0,,PARTIAL,"hasFormationType,hasSentences,hasPdfCandidate"
墙,2,qiáng,Tường,tường,verified,土,Bộ Thổ,,hình thanh,source-backed,2,6,3,,PASS,"hasStrokeCount,hasPdfCandidate"
夜,2,yè,Dạ,"đêm, tối",verified,夕,Bộ Tịch,,hình thanh,source-backed,2,8,12,157,PASS,hasStrokeCount
奖,2,jiǎng,,thưởng,verified,大,Bộ Đại,13,hình thanh,source-backed,2,6,1,,PASS,"hasHanViet,hasPdfCandidate"
套,"2,3",tào,,bộ,verified,大,Bộ Đại,,hội ý,needs-review,2,6,1,,PASS,"hasHanViet,hasStrokeCount,hasPdfCandidate"
姜,2,jiāng,gừng,gừng,verified,女,Bộ Nữ,9,hình thanh,source-backed,2,6,0,,PARTIAL,"hasSentences,hasPdfCandidate"
娶,2,qǔ,Thú,cưới,verified,女,Bộ Nữ,12,,not-available,0,6,4,685,PASS,"hasComponents,hasFormationType"
嫌,2,xián,Hiềm,ghét,verified,女,Bộ Nữ,13,hình thanh,source-backed,2,6,1,,PASS,hasPdfCandidate
寻,2,xún,Tầm,tìm kiếm,verified,寸,Bộ Thốn,6,,not-available,0,6,1,,PASS,"hasComponents,hasFormationType,hasPdfCandidate"
封,"2,3",fēng,Phong,phong thư,verified,寸,Bộ Thốn,9,hình thanh,source-backed,2,6,4,,PASS,hasPdfCandidate
将,2,jiāng,Tướng,sẽ,verified,寸,Bộ Thốn,10,hình thanh,source-backed,3,7,12,,PASS,hasPdfCandidate
尝,"2,3",cháng,,thử,verified,小,Bộ Tiểu,9,hình thanh,source-backed,2,6,1,,PASS,"hasHanViet,hasPdfCandidate"
层,"2,3",céng,Tầng,tầng,verified,尸,Bộ Thi,,,not-available,2,6,2,,PASS,"hasStrokeCount,hasFormationType,hasPdfCandidate"
市,2,shì,Thị,thành phố,verified,巾,Bộ Cân,5,hình thanh,source-backed,2,6,12,,PASS,hasPdfCandidate
幅,2,fú,Bức,bức,verified,巾,Bộ Cân,12,,not-available,0,6,8,,PASS,"hasComponents,hasFormationType,hasPdfCandidate"
平,2,píng,Bình,phẳng,not-found,,,,,not-available,0,12,12,49,PARTIAL,"hasRadical,hasStrokeCount,hasComponents,hasFormationType"
庙,"2,3",miào,Miếu,chùa,verified,广,Bộ Nghiễm,8,,not-available,0,6,3,,PASS,"hasComponents,hasFormationType,hasPdfCandidate"
座,2,zuò,Toà,tòa,verified,广,Bộ Nghiễm,,hình thanh,source-backed,2,8,12,,PASS,"hasStrokeCount,hasPdfCandidate"
弄,2,nòng,Lộng,chơi,verified,玉,Bộ Ngọc,,hội ý,needs-review,2,6,0,,PARTIAL,"hasStrokeCount,hasSentences,hasPdfCandidate"
当,2,dāng,đương,"trở thành, là, làm việc",verified,田,Bộ Điền,,,not-available,2,11,12,,PASS,"hasStrokeCount,hasFormationType,hasPdfCandidate"
往,2,wǎng,Vãng,"đến, hướng tới",verified,彳,Bộ Xích,8,hình thanh,source-backed,3,7,12,,PASS,hasPdfCandidate
心,"2,3",xīn,Tâm,"trái tim, tâm trí",verified,心,Bộ Tâm,4,,not-available,0,20,12,,PASS,"hasComponents,hasFormationType,hasPdfCandidate"
忍,2,rěn,Nhẫn,chịu đựng,verified,心,Bộ Tâm,7,hình thanh,source-backed,2,6,3,461,PASS,
急,"2,3",jí,Cấp,khẩn cấp,verified,心,Bộ Tâm,9,hình thanh,source-backed,2,7,12,,PASS,hasPdfCandidate
怪,2,guài,,khá là,verified,忄,Bộ Tâm,8,hình thanh,source-backed,2,7,10,,PASS,"hasHanViet,hasPdfCandidate"
愿,2,yuàn,Nguyện,"ước, nguyện",verified,心,Bộ Tâm,14,hình thanh,source-backed,2,8,12,,PASS,hasPdfCandidate
成,2,chéng,Thành,trở thành,verified,戈,Bộ Qua,6,hình thanh,source-backed,2,17,12,624,PASS,
或,"2,3",huò,Hoặc,hoặc,verified,口,Bộ Khẩu,8,,not-available,2,6,0,276,PARTIAL,"hasFormationType,hasSentences"
戴,2,dài,,đeo,verified,戈,Bộ Qua,17,hình thanh,source-backed,3,6,6,,PASS,"hasHanViet,hasPdfCandidate"
所,"2,3",suǒ,Sỡ,cơ sở,verified,斤,Bộ Cân,8,hình thanh,source-backed,2,10,12,575,PASS,
扔,2,rēng,Nẫy,ném,verified,扌,Bộ Thủ,7,hình thanh,source-backed,2,3,2,,PASS,hasPdfCandidate
扶,2,fú,Phù,hỗ trợ,verified,扌,Bộ Thủ,7,hình thanh,source-backed,2,6,4,,PASS,hasPdfCandidate
抢,2,qiǎng,,cướp,verified,扌,Bộ Thủ,11,hình thanh,source-backed,2,6,4,,PASS,"hasHanViet,hasPdfCandidate"
报,"2,3",bào,Báo,báo,verified,扌,Bộ Thủ,7,,not-available,3,11,12,,PASS,"hasFormationType,hasPdfCandidate"
抱,2,bào,Bão,ôm,verified,扌,Bộ Thủ,9,hình thanh,source-backed,2,6,4,32,PASS,
拉,2,lā,Lấp,kéo,verified,扌,Bộ Thủ,,hình thanh,source-backed,2,8,6,,PASS,"hasStrokeCount,hasPdfCandidate"
拐,2,guǎi,Quảy / Quái / Quải / Quầy,khập khiễng,verified,扌,Bộ Thủ,9,,not-available,0,6,0,,PARTIAL,"hasComponents,hasFormationType,hasSentences,hasPdfCandidate"
拔,2,bá,Bạt,"kéo ra, nhổ ra",verified,扌,Bộ Thủ,11,hình thanh,source-backed,2,6,7,,PASS,hasPdfCandidate
拳,2,quán,Quyền,nắm đấm,verified,手,Bộ Thủ,10,hình thanh,source-backed,2,7,6,,PASS,hasPdfCandidate
拼,2,pīn,Phanh,ghép,verified,扌,Bộ Thủ,10,hình thanh,source-backed,2,6,6,,PASS,hasPdfCandidate
拾,2,shí,Thập,nhặt lên,verified,扌,Bộ Thủ,9,hình thanh,source-backed,2,6,4,642,PASS,
挂,"2,3",guà,Quẩy,treo,verified,扌,Bộ Thủ,9,hình thanh,source-backed,2,6,5,,PASS,hasPdfCandidate
按,"2,3",àn,Án,theo,verified,扌,Bộ Thủ,9,hình thanh,source-backed,2,6,8,,PASS,hasPdfCandidate
挡,2,dǎng,,chặn,verified,扌,Bộ Thủ,8,,not-available,0,6,4,,PASS,"hasHanViet,hasComponents,hasFormationType,hasPdfCandidate"
挨,2,āi,,gần,verified,扌,Bộ Thủ,10,hình thanh,source-backed,2,6,4,,PASS,"hasHanViet,hasPdfCandidate"
捎,2,shāo,,mang theo,verified,扌,Bộ Thủ,10,hình thanh,source-backed,2,0,0,,PARTIAL,"hasHanViet,hasRelatedWords,hasSentences,hasPdfCandidate"
捧,2,pěng,Bổng,nâng lên bằng hai tay,verified,扌,Bộ Thủ,11,,not-available,0,6,0,,PARTIAL,"hasComponents,hasFormationType,hasSentences,hasPdfCandidate"
掉,2,diào,Trao,rơi,verified,扌,Bộ Thủ,,hình thanh,source-backed,2,6,2,,PASS,"hasStrokeCount,hasPdfCandidate"
排,"2,3",pái,Bài,xếp hàng,verified,扌,Bộ Thủ,11,hình thanh,source-backed,2,9,11,,PASS,hasPdfCandidate
推,2,tuī,Suy,đẩy,verified,扌,Bộ Thủ,,hình thanh,source-backed,2,8,12,,PASS,"hasStrokeCount,hasPdfCandidate"
搬,"2,3",bān,Bưng,"chuyển, di chuyển",verified,扌,Bộ Thủ,13,hình thanh,source-backed,2,6,5,,PASS,hasPdfCandidate
摆,2,bǎi,Bẫy,"đặt, để",verified,扌,Bộ Thủ,14,hình thanh,source-backed,2,6,4,,PASS,hasPdfCandidate
摔,2,shuāi,,ngã,verified,扌,Bộ Thủ,14,hình thanh,source-backed,2,6,4,,PASS,"hasHanViet,hasPdfCandidate"
摸,2,mō,Mò,chạm vào,verified,扌,Bộ Thủ,14,hình thanh,source-backed,2,6,5,,PASS,hasPdfCandidate
擦,2,cā,Xát,"chà, lau",verified,扌,Bộ Thủ,17,hình thanh,source-backed,2,6,2,,PASS,hasPdfCandidate
支,"2,3",zhī,Chi,"chống đỡ, hỗ trợ",verified,支,Bộ Chi,4,,not-available,2,6,12,100,PASS,hasFormationType
收,"2,3",shōu,Thu,nhận,verified,攵,Bộ Phộc,,hình thanh,source-backed,2,10,11,678,PASS,hasStrokeCount
敢,"2,3",gǎn,Cám,dám,verified,攵,Bộ Phộc,12,hình thanh,source-backed,2,6,2,67,PASS,
数,2,shǔ,Số,đếm,verified,攵,Bộ Phộc,,hình thanh,source-backed,2,8,12,,PASS,"hasStrokeCount,hasPdfCandidate"
敲,2,qiāo,Xao,gõ,verified,攴,Bộ Phộc,15,hình thanh,source-backed,2,6,4,,PASS,hasPdfCandidate
时,"2,3",shí,thì,thời gian,verified,日,Bộ Nhật,7,,not-available,2,17,12,677,PASS,hasFormationType
晒,2,shài,,phơi nắng,verified,日,Bộ Nhật,10,hình thanh,source-backed,2,6,3,,PASS,"hasHanViet,hasPdfCandidate"
晴,"2,3",qíng,Tạnh,"nắng, trong",verified,日,Bộ Nhật,,hình thanh,source-backed,2,6,0,,PARTIAL,"hasStrokeCount,hasSentences,hasPdfCandidate"
更,"2,3",gèng,Xâu / Canh,hơn,verified,攴,Bộ Phộc,,hình thanh,source-backed,2,6,12,,PASS,"hasStrokeCount,hasPdfCandidate"
替,2,tì,Thế,thay thế,verified,曰,Bộ Viết,12,,not-available,3,6,2,,PASS,"hasFormationType,hasPdfCandidate"
朝,"2,3",cháo,Triều,hướng tới,verified,屮,Bộ Triệt,12,,not-available,4,6,7,,PASS,"hasFormationType,hasPdfCandidate"
查,"2,3",chá,Tra,kiểm tra,verified,木,Bộ Mộc,9,hình thanh,source-backed,2,6,12,,PASS,hasPdfCandidate
栏,2,lán,Đan / Lan,cột,verified,木,Bộ Mộc,9,hình thanh,source-backed,2,7,3,,PASS,hasPdfCandidate
段,"2,3",duàn,Đoạn,đoạn,verified,石,Bộ Thạch,,,not-available,2,6,6,220,PASS,"hasStrokeCount,hasFormationType"
气,2,qì,Khí,"khí, không khí, hơi nước",verified,气,Bộ Khí,4,,not-available,0,15,12,,PASS,"hasComponents,hasFormationType,hasPdfCandidate"
求,2,qiú,Cầu,cầu xin,verified,水,Bộ Thủy,7,,not-available,0,7,12,,PASS,"hasComponents,hasFormationType,hasPdfCandidate"
汤,"2,3",tāng,Thang,"canh, súp",verified,氵,Bộ Thủy,6,hình thanh,source-backed,2,6,3,,PASS,hasPdfCandidate
河,"2,3",hé,Hà,sông,verified,氵,Bộ Thủy,,hình thanh,source-backed,2,7,12,,PASS,"hasStrokeCount,hasPdfCandidate"
油,2,yóu,Dầu,dầu,verified,氵,Bộ Thủy,10,hình thanh,source-backed,2,8,10,,PASS,hasPdfCandidate
洞,2,dòng,Đọng,lỗ,verified,氵,Bộ Thủy,11,hình thanh,source-backed,2,6,4,225,PASS,
活,"2,3",huó,Hoạt,sống,verified,氵,Bộ Thủy,9,hình thanh,source-backed,2,8,12,280,PASS,
流,2,liú,Lưu,dòng chảy,verified,氵,Bộ Thủy,10,,not-available,3,9,12,,PASS,"hasFormationType,hasPdfCandidate"
海,"2,3",hǎi,Hải,biển,verified,氵,Bộ Thủy,10,hình thanh,source-backed,2,11,12,,PASS,hasPdfCandidate
淡,2,dàn,Đạm,nhạt,verified,氵,Bộ Thủy,11,hình thanh,source-backed,2,7,8,,PASS,hasPdfCandidate
游,"2,3",yóu,du,bơi,verified,氵,Bộ Thủy,12,hình thanh,source-backed,2,7,12,,PASS,hasPdfCandidate
满,2,mǎn,Mãn,đầy đủ,verified,氵,Bộ Thủy,,hình thanh,source-backed,2,7,12,,PASS,"hasStrokeCount,hasPdfCandidate"
火,"2,3",huǒ,Hoả,lửa,verified,火,Bộ Hỏa,4,,not-available,0,9,12,270,PASS,"hasComponents,hasFormationType"
灯,"2,3",dēng,Đăng,đèn,verified,火,Bộ Hỏa,,hình thanh,source-backed,2,7,3,198,PASS,hasStrokeCount
炸,2,zhá,,chiên ngập dầu,verified,火,Bộ Hỏa,9,hình thanh,source-backed,2,6,3,,PASS,"hasHanViet,hasPdfCandidate"
照,"2,3",zhào,Chiếu,chụp ảnh,verified,灬,Bộ Hỏa,13,hình thanh,source-backed,2,8,12,110,PASS,
煮,2,zhǔ,,đun sôi,verified,灬,Bộ Hỏa,12,hình thanh,source-backed,2,5,5,,PASS,"hasHanViet,hasPdfCandidate"
熟,"2,3",shú,Thục,chín,verified,灬,Bộ Hỏa,15,hình thanh,source-backed,2,6,5,,PASS,hasPdfCandidate
爬,"2,3",pá,Bò,leo,verified,爪,Bộ Trảo,8,hình thanh,source-backed,2,6,3,,PASS,hasPdfCandidate
片,2,piàn,Phiến,miếng,verified,片,Bộ Phiến,,,not-available,0,11,12,510,PASS,"hasStrokeCount,hasComponents,hasFormationType"
牛,"2,3",niú,Ngưu,bò,verified,牛,Bộ Ngưu,4,,not-available,0,6,12,,PASS,"hasComponents,hasFormationType,hasPdfCandidate"
物,2,wù,Vật,"Vật, đồ vật, sự vật",verified,牛,Bộ Ngưu,,hình thanh,source-backed,2,13,12,805,PASS,hasStrokeCount
犯,2,fàn,Phạm,phạm,verified,犭,Bộ Khuyển,5,hình thanh,source-backed,2,6,5,,PASS,hasPdfCandidate
猜,2,cāi,,đoán,verified,犭,Bộ Khuyển,11,hình thanh,source-backed,2,6,0,,PARTIAL,"hasHanViet,hasSentences,hasPdfCandidate"
猪,"2,3",zhū,Trư,lợn,verified,犭,Bộ Khuyển,11,hình thanh,source-backed,2,6,6,,PASS,hasPdfCandidate
瓷,2,cí,Dậu / Sứ,sứ,verified,瓦,Bộ Ngõa,13,hình thanh,source-backed,2,6,0,,PARTIAL,"hasSentences,hasPdfCandidate"
生,"2,3",shēng,Sinh,"sinh, sinh ra",verified,生,Bộ Sinh,5,,not-available,0,20,12,569,PASS,"hasComponents,hasFormationType"
画,"2,3",huà,Hoạ,"bức tranh, vẽ",verified,聿,Bộ Duật,,,not-available,2,10,7,,PASS,"hasStrokeCount,hasFormationType,hasPdfCandidate"
留,2,liú,Lưu,ở lại,verified,田,Bộ Điền,,hình thanh,source-backed,2,9,12,,PASS,"hasStrokeCount,hasPdfCandidate"
痘,2,dòu,Đậu,Đậu,verified,疒,Bộ Nạch,,hình thanh,source-backed,2,5,2,,PASS,"hasStrokeCount,hasPdfCandidate"
登,2,dēng,Đăng,leo lên,verified,舛,Bộ Suyễn,12,hình thanh,source-backed,2,6,2,,PASS,hasPdfCandidate
盐,2,yán,,muối,verified,皿,Bộ Mãnh,10,,not-available,0,6,1,,PASS,"hasHanViet,hasComponents,hasFormationType,hasPdfCandidate"
省,2,shěng,Tỉnh,tiết kiệm,verified,目,Bộ Mục,,hình thanh,source-backed,2,6,6,,PASS,"hasStrokeCount,hasPdfCandidate"
眼,2,yǎn,Cua / Nhản,mắt,verified,目,Bộ Mục,11,hình thanh,source-backed,2,7,9,454,PASS,
短,"2,3",duǎn,Đoản,ngắn,verified,矢,Bộ Thỉ,,hình thanh,source-backed,2,8,7,219,PASS,hasStrokeCount
矮,"2,3",ǎi,,thấp,verified,矢,Bộ Thỉ,13,hình thanh,source-backed,2,6,0,,PARTIAL,"hasHanViet,hasSentences,hasPdfCandidate"
石,2,shí,Thạch,"Đá, hòn đá",verified,石,Bộ Thạch,,,not-available,0,8,12,"493,614",PASS,"hasStrokeCount,hasComponents,hasFormationType"
碰,"2,3",pèng,,"chạm vào, va chạm",verified,石,Bộ Thạch,12,hình thanh,source-backed,2,6,0,,PARTIAL,"hasHanViet,hasSentences,hasPdfCandidate"
离,"2,3",lí,Le,từ,not-found,,,,,not-available,0,6,11,,PARTIAL,"hasRadical,hasStrokeCount,hasComponents,hasFormationType,hasPdfCandidate"
科,2,kē,Khoa,bộ phận,verified,禾,Bộ Hòa,9,hội ý,needs-review,2,7,12,323,PASS,
租,2,zū,Dịp / Tô,thuê,verified,禾,Bộ Hòa,,hình thanh,source-backed,2,6,1,,PASS,"hasStrokeCount,hasPdfCandidate"
称,2,chēng,Xưng,gọi,verified,禾,Bộ Hòa,,,not-available,2,6,2,,PASS,"hasStrokeCount,hasFormationType,hasPdfCandidate"
立,2,lì,Lập,đứng,verified,立,Bộ Lập,5,,not-available,0,6,12,,PASS,"hasComponents,hasFormationType,hasPdfCandidate"
端,2,duān,Đoan,đầu cuối,verified,立,Bộ Lập,14,hình thanh,source-backed,2,8,9,,PASS,hasPdfCandidate
笔,2,bǐ,Bút,Bút,not-found,⺮,,,,not-available,2,7,9,,PARTIAL,"hasRadical,hasStrokeCount,hasFormationType,hasPdfCandidate"
算,2,suàn,Toán,xem như,not-found,⺮,,,hội ý,needs-review,2,8,10,743,PARTIAL,"hasRadical,hasStrokeCount"
篇,2,piān,,chương,not-found,,,,,not-available,0,6,9,,PARTIAL,"hasHanViet,hasRadical,hasStrokeCount,hasComponents,hasFormationType,hasPdfCandidate"
米,"2,3",mǐ,,mét,verified,米,Bộ Mễ,,,not-available,0,8,12,402,PASS,"hasHanViet,hasStrokeCount,hasComponents,hasFormationType"
粉,2,fěn,Phấn,bột,verified,米,Bộ Mễ,10,hình thanh,source-backed,2,7,9,502,PASS,
粗,2,cū,Thô,thô,verified,米,Bộ Mễ,11,hình thanh,source-backed,2,6,1,,PASS,hasPdfCandidate
紧,"2,3",jǐn,Khẩn,chặt,verified,又,Bộ Hựu,10,hình thanh,source-backed,3,6,8,,PASS,hasPdfCandidate
红,"2,3",hóng,Hồng,đỏ,verified,纟,Bộ Mịch,,hình thanh,source-backed,2,11,12,293,PASS,hasStrokeCount
约,"2,3",yuē,Ước,hẹn,verified,纟,Bộ Mịch,6,hình thanh,source-backed,2,8,12,,PASS,hasPdfCandidate
级,2,jí,Cấp,cấp độ,verified,纟,Bộ Mịch,7,hình thanh,source-backed,2,9,6,,PASS,hasPdfCandidate
纸,"2,3",zhǐ,chỉ,giấy,verified,纟,Bộ Mịch,7,hình thanh,source-backed,2,6,6,,PASS,hasPdfCandidate
练,"2,3",liàn,Luyện,luyện tập,verified,纟,Bộ Mịch,8,hình thanh,source-backed,2,6,8,,PASS,hasPdfCandidate
组,2,zǔ,Tổ,nhóm,verified,纟,Bộ Mịch,,hình thanh,source-backed,2,8,9,,PASS,"hasStrokeCount,hasPdfCandidate"
细,2,xì,Tới,"mỏng, mảnh",verified,纟,Bộ Mịch,8,hình thanh,source-backed,2,8,12,,PASS,hasPdfCandidate
网,2,wǎng,Võng,Internet,verified,网,Bộ Võng,6,,not-available,0,7,12,814,PASS,"hasComponents,hasFormationType"
羊,"2,3",yáng,Dương,cừu,verified,羊,Bộ Dương,6,,not-available,0,7,5,,PASS,"hasComponents,hasFormationType,hasPdfCandidate"
群,"2,3",qún,Quần,một từ đo lường cho đàn hoặc nhóm,verified,羊,Bộ Dương,13,hình thanh,source-backed,2,6,12,,PASS,hasPdfCandidate
聚,2,jù,Tụ,tụ tập,verified,耳,Bộ Nhĩ,14,hình thanh,source-backed,2,7,5,,PASS,hasPdfCandidate
胖,"2,3",pàng,Bỡn,béo,verified,月,"Bộ Nguyệt,Nhục",9,hình thanh,source-backed,2,6,3,,PASS,hasPdfCandidate
脆,2,cuì,,giòn,verified,月,"Bộ Nguyệt,Nhục",10,,not-available,0,6,4,,PASS,"hasHanViet,hasComponents,hasFormationType,hasPdfCandidate"
脚,"2,3",jiǎo,,bàn chân,not-found,⺼,,,hình thanh,source-backed,2,6,1,,PARTIAL,"hasHanViet,hasRadical,hasStrokeCount,hasPdfCandidate"
脱,2,tuō,Thoát,cởi,not-found,⺼,,11,hình thanh,source-backed,2,6,2,,PARTIAL,"hasRadical,hasPdfCandidate"
脸,"2,3",liǎn,,mặt,not-found,⺼,,,hình thanh,source-backed,2,6,8,,PARTIAL,"hasHanViet,hasRadical,hasStrokeCount,hasPdfCandidate"
腰,2,yāo,Yêu,eo,verified,月,"Bộ Nguyệt,Nhục",13,hình thanh,source-backed,2,6,4,,PASS,hasPdfCandidate
腿,"2,3",tuǐ,Thoái,chân,not-found,⺼,,,hình thanh,source-backed,2,6,0,,PARTIAL,"hasRadical,hasStrokeCount,hasSentences,hasPdfCandidate"
臭,2,chòu,Xú,hôi thối,verified,自,Bộ Tự,10,,not-available,0,6,4,,PASS,"hasComponents,hasFormationType,hasPdfCandidate"
船,"2,3",chuán,Thuyền,"thuyền, tàu",verified,舟,"Bộ Chu,Châu",,hình thanh,source-backed,2,7,4,,PASS,"hasStrokeCount,hasPdfCandidate"
草,"2,3",cǎo,Thảo,cỏ,verified,艹,Bộ Thảo,,hình thanh,source-backed,2,6,8,,PASS,"hasStrokeCount,hasPdfCandidate"
落,2,luò,Lạc,rơi,verified,艹,Bộ Thảo,12,hình thanh,source-backed,2,9,12,,PASS,hasPdfCandidate
葱,2,cōng,,hành lá,verified,艹,Bộ Thảo,12,hình thanh,source-backed,2,6,0,,PARTIAL,"hasHanViet,hasSentences,hasPdfCandidate"
蛋,2,dàn,,trứng,verified,虫,Bộ Trùng,16,hình thanh,source-backed,2,7,12,,PASS,"hasHanViet,hasPdfCandidate"
街,"2,3",jiē,,đường phố,verified,行,Bộ Hành,12,hình thanh,source-backed,2,6,7,,PASS,"hasHanViet,hasPdfCandidate"
表,2,biǎo,Biểu,biểu mẫu,verified,毛,Bộ Mao,8,hội ý,needs-review,2,12,12,,PASS,hasPdfCandidate
装,2,zhuāng,Trang,trang điểm,verified,衣,Bộ Y,,hình thanh,source-backed,2,6,5,,PASS,"hasStrokeCount,hasPdfCandidate"
角,2,jiǎo,Góc,góc,verified,角,"Bộ Giác, Giốc",,,not-available,0,6,2,235,PASS,"hasStrokeCount,hasComponents,hasFormationType"
讲,"2,3",jiǎng,Giảng,"nói, kể",verified,讠,Bộ Ngôn,,hình thanh,source-backed,2,7,12,,PASS,"hasStrokeCount,hasPdfCandidate"
词,2,cí,từ,từ,verified,讠,Bộ Ngôn,7,hình thanh,source-backed,2,11,12,,PASS,hasPdfCandidate
该,"2,3",gāi,,nên,verified,言,Bộ Ngôn,8,hình thanh,source-backed,2,6,12,,PASS,"hasHanViet,hasPdfCandidate"
贴,2,tiē,,dán,verified,贝,Bộ Bối,12,hình thanh,source-backed,2,6,3,,PASS,"hasHanViet,hasPdfCandidate"
赢,"2,3",yíng,,thắng,verified,贝,Bộ Bối,17,hình thanh,source-backed,2,5,2,172,PASS,hasHanViet
越,"2,3",yuè,Việt,vượt quá,verified,走,Bộ Tẩu,,hình thanh,source-backed,2,6,12,,PASS,"hasStrokeCount,hasPdfCandidate"
跳,"2,3",tiào,Khêu,nhảy,verified,足,Bộ Túc,13,hình thanh,source-backed,2,8,12,,PASS,hasPdfCandidate
踏,2,tà,Đạp,dẫm lên,verified,足,Bộ Túc,15,hình thanh,source-backed,2,6,0,,PARTIAL,"hasSentences,hasPdfCandidate"
踢,2,tī,,đá,verified,足,Bộ Túc,15,hình thanh,source-backed,2,4,6,,PASS,"hasHanViet,hasPdfCandidate"
转,"2,3",zhuǎn,Chuyển,xoay quanh,verified,车,Bộ Xa,8,hình thanh,source-backed,2,6,8,,PASS,hasPdfCandidate
轻,2,qīng,Khinh,nhẹ,verified,车,Bộ Xa,,hình thanh,source-backed,2,6,11,,PASS,"hasStrokeCount,hasPdfCandidate"
载,2,zài,Tải,chở,verified,车,Bộ Xa,10,hình thanh,source-backed,2,6,0,,PARTIAL,"hasSentences,hasPdfCandidate"
输,"2,3",shū,Thâu,thua,verified,车,Bộ Xa,13,hình thanh,source-backed,2,6,2,,PASS,hasPdfCandidate
辞,2,cí,Từ,sa thải,verified,辛,Bộ Tân,13,,not-available,0,6,0,,PARTIAL,"hasComponents,hasFormationType,hasSentences,hasPdfCandidate"
辣,2,là,Lượt,cay,verified,辛,Bộ Tân,14,hình thanh,source-backed,2,6,7,,PASS,hasPdfCandidate
近,"2,3",jìn,Cận,gần,verified,辶,Bộ Sước,,hình thanh,source-backed,2,9,12,86,PASS,hasStrokeCount
迷,"2,3",mí,Mê,bối rối,verified,辶,Bộ Sước,9,hình thanh,source-backed,2,8,7,,PASS,hasPdfCandidate
选,"2,3",xuǎn,Tuyển,chọn,verified,辶,Bộ Sước,9,hình thanh,source-backed,2,6,12,,PASS,hasPdfCandidate
通,2,tōng,Thông,thông qua,verified,辶,Bộ Sước,14,hình thanh,source-backed,2,10,12,,PASS,hasPdfCandidate
遍,"2,3",biàn,,lần,verified,辶,Bộ Sước,,hình thanh,source-backed,2,6,0,,PARTIAL,"hasHanViet,hasStrokeCount,hasSentences,hasPdfCandidate"
遮,2,zhē,,che,verified,辶,Bộ Sước,14,hình thanh,source-backed,2,6,0,,PARTIAL,"hasHanViet,hasSentences,hasPdfCandidate"
部,"2,3",bù,Bộ,quyển,ambiguous,阝,,11,hình thanh,source-backed,2,14,12,53,PARTIAL,hasRadical
酸,2,suān,,chua,verified,酉,Bộ Dậu,14,,not-available,0,7,4,,PASS,"hasHanViet,hasComponents,hasFormationType,hasPdfCandidate"
醋,"2,3",cù,,giấm,verified,酉,Bộ Dậu,15,,not-available,0,6,4,,PASS,"hasHanViet,hasComponents,hasFormationType,hasPdfCandidate"
醒,2,xǐng,Tỉnh,tỉnh giấc,verified,酉,Bộ Dậu,16,hình thanh,source-backed,2,6,4,740,PASS,
量,2,liàng,,dung lượng,verified,里,Bộ Lí,12,hình thanh,source-backed,2,9,12,,PASS,"hasHanViet,hasPdfCandidate"
锅,2,guō,,nồi,verified,钅,Bộ Kim,12,hình thanh,source-backed,2,8,12,,PASS,"hasHanViet,hasPdfCandidate"
闻,2,wén,Văn,ngửi,verified,耳,Bộ Nhĩ,,hình thanh,source-backed,2,7,11,,PASS,"hasStrokeCount,hasPdfCandidate"
队,2,duì,Đội,"đội, nhóm",ambiguous,阝,,4,,not-available,2,8,12,,PARTIAL,"hasRadical,hasFormationType,hasPdfCandidate"
阴,"2,3",yīn,Âm,u ám,ambiguous,阝,,,,not-available,0,7,0,,PARTIAL,"hasRadical,hasStrokeCount,hasComponents,hasFormationType,hasSentences,hasPdfCandidate"
院,2,yuàn,Viện,viện,ambiguous,阝,,10,hình thanh,source-backed,2,12,12,,PARTIAL,"hasRadical,hasPdfCandidate"
陪,2,péi,,đi cùng,ambiguous,阝,,10,hình thanh,source-backed,2,6,4,,PARTIAL,"hasHanViet,hasRadical,hasPdfCandidate"
靠,2,kào,,phụ thuộc vào,verified,非,Bộ Phi,15,hình thanh,source-backed,2,6,5,,PASS,"hasHanViet,hasPdfCandidate"
面,2,miàn,,một từ đo lường cho các bề mặt phẳng,verified,面,Bộ Diện,9,,not-available,2,20,12,168,PASS,"hasHanViet,hasFormationType"
鞋,"2,3",xié,Hài,giày,verified,革,Bộ Cách,,hình thanh,source-backed,2,6,10,,PASS,"hasStrokeCount,hasPdfCandidate"
顿,"2,3",dùn,Đốn,một bữa,verified,页,Bộ Hiệt,10,hình thanh,source-backed,2,6,6,,PASS,hasPdfCandidate
飘,2,piāo,,bay lượn trong không khí,not-found,风,,15,hình thanh,source-backed,2,6,4,,PARTIAL,"hasHanViet,hasRadical,hasPdfCandidate"
饱,"2,3",bǎo,,no,verified,饣,Bộ Thực,,hình thanh,source-backed,2,6,0,33,PARTIAL,"hasHanViet,hasStrokeCount,hasSentences"
馋,2,chán,Thèm,háu ăn,verified,饣,Bộ Thực,13,hình thanh,source-backed,2,6,0,,PARTIAL,"hasSentences,hasPdfCandidate"
香,"2,3",xiāng,Hương,thơm,verified,禾,Bộ Hòa,9,hội ý,needs-review,2,6,7,303,PASS,
马,"2,3",mǎ,Mã,ngựa,verified,马,Bộ Mã,3,,not-available,0,9,12,,PASS,"hasComponents,hasFormationType,hasPdfCandidate"
鸡,"2,3",jī,,gà,verified,鸟,Bộ Điểu,7,,not-available,2,6,6,,PASS,"hasHanViet,hasFormationType,hasPdfCandidate"
鼠,2,shǔ,,chuột,verified,鼠,Bộ Thử,13,,not-available,0,6,0,698,PARTIAL,"hasHanViet,hasComponents,hasFormationType,hasSentences"
龙,"2,3",lóng,Long,rồng,not-found,,,5,,not-available,0,6,7,,PARTIAL,"hasRadical,hasComponents,hasFormationType,hasPdfCandidate"
久,3,jiǔ,Cửu,"lâu, đã lâu",not-found,,,,,not-available,0,8,12,,PARTIAL,"hasRadical,hasStrokeCount,hasComponents,hasFormationType,hasPdfCandidate"
乐,3,lè,Lạc,vui vẻ,verified,幺,Bộ Yêu,5,,not-available,0,13,12,,PASS,"hasComponents,hasFormationType,hasPdfCandidate"
争,3,zhēng,Tranh,tranh đấu,verified,又,Bộ Hựu,6,,not-available,3,6,4,,PASS,"hasFormationType,hasPdfCandidate"
亲,3,qīn,Thân,liên quan đến huyết thống,verified,辛,Bộ Tân,9,hình thanh,source-backed,3,10,12,633,PASS,
仅,3,jǐn,,chỉ,verified,亻,Bộ Nhân,4,,not-available,2,6,4,,PASS,"hasHanViet,hasFormationType,hasPdfCandidate"
仍,3,réng,Nhưng,vẫn,verified,亻,Bộ Nhân,4,hình thanh,source-backed,2,3,4,,PASS,hasPdfCandidate
付,3,fù,Phó,trả,verified,亻,Bộ Nhân,5,hội ý,needs-review,2,6,2,,PASS,hasPdfCandidate
代,3,dài,Đại,thay mặt,verified,亻,Bộ Nhân,5,hình thanh,source-backed,2,9,12,,PASS,hasPdfCandidate
任,3,rèn,Nhậm,phục vụ trong một vị trí,verified,亻,Bộ Nhân,6,hình thanh,source-backed,2,7,12,,PASS,hasPdfCandidate
传,3,chuán,Truyền,truyền,verified,亻,Bộ Nhân,6,hình thanh,source-backed,2,9,12,,PASS,hasPdfCandidate
伤,3,shāng,Thương,vết thương,verified,亻,Bộ Nhân,6,hội ý,needs-review,3,6,12,,PASS,hasPdfCandidate
佛,3,fó,Phật,Phật,verified,亻,Bộ Nhân,7,hình thanh,source-backed,2,6,8,,PASS,hasPdfCandidate
使,3,shǐ,Sứ,khiến,verified,亻,Bộ Nhân,,,not-available,3,7,10,,PASS,"hasStrokeCount,hasFormationType,hasPdfCandidate"
保,3,bǎo,Bảo,bảo quản,verified,亻,Bộ Nhân,9,,not-available,3,12,12,,PASS,"hasFormationType,hasPdfCandidate"
修,3,xiū,Tu,sửa chữa,verified,彡,Bộ Sam,,hình thanh,source-backed,2,7,9,,PASS,"hasStrokeCount,hasPdfCandidate"
值,3,zhí,,"giá, giá trị",verified,亻,Bộ Nhân,10,hình thanh,source-backed,2,6,4,,PASS,"hasHanViet,hasPdfCandidate"
光,3,guāng,Quang,ánh sáng,verified,火,Bộ Hỏa,,,not-available,2,10,12,544,PASS,"hasStrokeCount,hasFormationType"
内,3,nèi,Nội,bên trong,verified,入,Bộ Nhập,,,not-available,2,7,12,484,PASS,"hasStrokeCount,hasFormationType"
冰,3,bīng,Băng,"băng, đá",verified,水,Bộ Thủy,6,,not-available,2,7,11,37,PASS,hasFormationType
准,3,zhǔn,Chốn,chính xác,verified,冫,Bộ Băng,10,,not-available,2,7,12,,PASS,"hasFormationType,hasPdfCandidate"
刀,3,dāo,Đao,dao,verified,刀,Bộ Đao,,,not-available,0,6,2,,PASS,"hasStrokeCount,hasComponents,hasFormationType,hasPdfCandidate"
初,3,chū,Sơ,bắt đầu,verified,衤,Bộ Y,7,hội ý,needs-review,2,8,9,,PASS,hasPdfCandidate
刮,3,guā,,cạo,verified,刂,Bộ Đao,8,hình thanh,source-backed,2,6,1,,PASS,"hasHanViet,hasPdfCandidate"
刷,3,shuā,Loát,sơn,verified,刂,Bộ Đao,8,,not-available,2,6,1,,PASS,"hasFormationType,hasPdfCandidate"
力,3,lì,Lực,sức mạnh,verified,力,Bộ Lực,2,,not-available,0,11,12,,PASS,"hasComponents,hasFormationType,hasPdfCandidate"
化,3,huà,Hoá,thay đổi,verified,亻,Bộ Nhân,4,,not-available,2,9,12,271,PASS,hasFormationType
区,3,qū,Khu,khu vực,verified,匚,Bộ Phương,4,,not-available,0,7,12,,PASS,"hasComponents,hasFormationType,hasPdfCandidate"
厂,3,chǎng,xưởng,nhà máy,verified,厂,Bộ,2,,not-available,0,6,11,,PASS,"hasComponents,hasFormationType,hasPdfCandidate"
压,3,yā,Áp,"ấn, đè xuống",verified,土,Bộ Thổ,6,hình thanh,source-backed,2,6,9,,PASS,hasPdfCandidate
双,3,shuāng,Song,"hai, cặp",verified,又,Bộ Hựu,,,not-available,0,6,11,574,PASS,"hasStrokeCount,hasComponents,hasFormationType"
受,3,shòu,Thụ,nhận,verified,又,Bộ Hựu,8,hình thanh,source-backed,3,8,12,690,PASS,
古,3,gǔ,Cổ,cổ,verified,口,Bộ Khẩu,5,,not-available,0,7,12,124,PASS,"hasComponents,hasFormationType"
台,3,tái,Thai,cái,verified,口,Bộ Khẩu,,hình thanh,source-backed,2,9,12,,PASS,"hasStrokeCount,hasPdfCandidate"
合,3,hé,Hợp,hợp,verified,口,Bộ Khẩu,6,,not-available,2,15,12,294,PASS,hasFormationType
员,3,yuán,Viên,nhân viên,verified,口,Bộ Khẩu,7,,not-available,2,12,12,,PASS,"hasFormationType,hasPdfCandidate"
命,3,mìng,Mệnh,số phận,verified,口,Bộ Khẩu,8,hình thanh,source-backed,2,9,12,,PASS,hasPdfCandidate
嘿,3,hēi,,này,verified,口,Bộ Khẩu,15,hình thanh,source-backed,2,1,3,,PASS,"hasHanViet,hasPdfCandidate"
团,3,tuán,Đoàn,nhóm,verified,囗,Bộ Vi,,,not-available,2,8,12,,PASS,"hasStrokeCount,hasFormationType,hasPdfCandidate"
图,3,tú,Đồ,bức tranh,verified,囗,Bộ Vi,8,,not-available,2,7,12,,PASS,"hasFormationType,hasPdfCandidate"
土,3,tǔ,Thổ,đất,verified,土,Bộ Thổ,3,,not-available,0,6,9,,PASS,"hasComponents,hasFormationType,hasPdfCandidate"
声,3,shēng,Thanh,âm thanh,verified,耳,Bộ Nhĩ,7,,not-available,0,9,12,,PASS,"hasComponents,hasFormationType,hasPdfCandidate"
存,3,cún,Tồn,tiết kiệm,verified,子,"Bộ Tử, Tý",,hình thanh,source-backed,2,7,12,,PASS,"hasStrokeCount,hasPdfCandidate"
富,3,fù,Phú,giàu có,verified,宀,Bộ Miên,,hình thanh,source-backed,2,6,12,523,PASS,hasStrokeCount
属,3,shǔ,Thuộc,sinh vào năm,verified,尸,Bộ Thi,12,,not-available,2,6,9,,PASS,"hasFormationType,hasPdfCandidate"
巧,3,qiǎo,Xảo,khéo léo,verified,工,Bộ Công,5,hình thanh,source-backed,2,6,2,,PASS,hasPdfCandidate
已,3,yǐ,Dĩ,đã,verified,己,Bộ Kỷ,3,,not-available,0,6,12,,PASS,"hasComponents,hasFormationType,hasPdfCandidate"
布,3,bù,Bố,vải,verified,巾,Bộ Cân,,hình thanh,source-backed,2,6,7,,PASS,"hasStrokeCount,hasPdfCandidate"
并,3,bìng,,hoàn toàn không,verified,立,Bộ Lập,6,,not-available,2,6,2,,PASS,"hasHanViet,hasFormationType,hasPdfCandidate"
建,3,jiàn,Kiến,xây dựng,verified,聿,Bộ Duật,9,hội ý,needs-review,2,7,12,,PASS,hasPdfCandidate
强,3,qiáng,Càng,mạnh,verified,弓,Bộ Cung,11,hình thanh,source-backed,2,7,12,,PASS,hasPdfCandidate
录,3,lù,,"ghi âm, đăng ký",verified,金,Bộ Kim,8,hình thanh,source-backed,2,6,3,,PASS,"hasHanViet,hasPdfCandidate"
念,3,niàn,Niệm,đọc to,verified,心,Bộ Tâm,,hình thanh,source-backed,2,7,12,477,PASS,hasStrokeCount
性,3,xìng,Tính,tính cách,verified,忄,Bộ Tâm,8,hình thanh,source-backed,2,11,12,739,PASS,
总,3,zǒng,Tổng,tổng,verified,糹,Bộ Mịch,9,hình thanh,source-backed,2,6,12,,PASS,hasPdfCandidate
惨,3,cǎn,Thảm,bi thảm,verified,忄,Bộ Tâm,11,hình thanh,source-backed,2,7,4,,PASS,hasPdfCandidate
把,3,bǎ,Bã,giới từ 'ba',verified,扌,Bộ Thủ,,hình thanh,source-backed,2,6,12,,PASS,"hasStrokeCount,hasPdfCandidate"
抓,3,zhuā,Co,"bắt, nắm bắt",verified,扌,Bộ Thủ,8,hình thanh,source-backed,2,6,5,,PASS,hasPdfCandidate
拍,3,pāi,Phếch,chụp,verified,扌,Bộ Thủ,,hình thanh,source-backed,2,6,3,,PASS,"hasStrokeCount,hasPdfCandidate"
拎,3,līn,,xách,verified,扌,Bộ Thủ,9,hình thanh,source-backed,2,1,0,,PARTIAL,"hasHanViet,hasSentences,hasPdfCandidate"
指,3,zhǐ,Chỉ,chỉ,verified,扌,Bộ Thủ,,hình thanh,source-backed,2,9,12,,PASS,"hasStrokeCount,hasPdfCandidate"
捆,3,kǔn,,buộc lại với nhau,verified,扌,Bộ Thủ,10,hình thanh,source-backed,2,2,0,,PARTIAL,"hasHanViet,hasSentences,hasPdfCandidate"
捐,3,juān,Quyên / Quen / Quên,quyên góp,verified,扌,Bộ Thủ,10,hình thanh,source-backed,2,6,5,,PASS,hasPdfCandidate
揍,3,zòu,,"đánh, đấm",verified,扌,Bộ Thủ,12,hình thanh,source-backed,2,1,0,,PARTIAL,"hasHanViet,hasSentences,hasPdfCandidate"
撞,3,zhuàng,Chàng,đụng,verified,扌,Bộ Thủ,15,hình thanh,source-backed,2,6,4,,PASS,hasPdfCandidate
救,3,jiù,Cứu,cứu giúp,verified,攵,Bộ Phộc,,hình thanh,source-backed,2,6,8,,PASS,"hasStrokeCount,hasPdfCandidate"
整,3,zhěng,Chỉnh,toàn bộ,verified,攴,Bộ Phộc,16,hình thanh,source-backed,2,8,12,,PASS,hasPdfCandidate
断,3,duàn,Đoạn,bẻ gãy,not-found,◎,,,,not-available,2,7,12,,PARTIAL,"hasRadical,hasStrokeCount,hasFormationType,hasPdfCandidate"
显,3,xiǎn,Hiển,hiển thị,verified,日,Bộ Nhật,9,hình thanh,source-backed,2,7,10,,PASS,hasPdfCandidate
晾,3,liàng,,phơi,verified,日,Bộ Nhật,11,hình thanh,source-backed,2,1,0,70,PARTIAL,"hasHanViet,hasSentences"
期,3,qī,Kì,kỳ,verified,月,"Bộ Nguyệt,Nhục",12,hình thanh,source-backed,2,20,12,,PASS,hasPdfCandidate
村,3,cūn,Thôn,làng,verified,木,Bộ Mộc,7,hình thanh,source-backed,2,6,12,,PASS,hasPdfCandidate
板,3,bǎn,Ván,"ván, bảng",verified,木,Bộ Mộc,8,hình thanh,source-backed,2,7,7,,PASS,hasPdfCandidate
极,3,jí,Cực,cực kỳ,verified,木,Bộ Mộc,,hình thanh,source-backed,2,7,9,,PASS,"hasStrokeCount,hasPdfCandidate"
架,3,jià,Giá,kệ,verified,木,Bộ Mộc,9,hình thanh,source-backed,2,8,7,,PASS,hasPdfCandidate
某,3,mǒu,Mỗ,một số,verified,甘,Bộ Cam,,hội ý,needs-review,2,6,3,,PASS,"hasStrokeCount,hasPdfCandidate"
桥,3,qiáo,Kiều,cầu,verified,木,Bộ Mộc,,hình thanh,source-backed,2,7,7,,PASS,"hasStrokeCount,hasPdfCandidate"
步,3,bù,Bộ,bước,verified,止,Bộ Chỉ,7,,not-available,2,7,12,52,PASS,hasFormationType
派,3,pài,Phái,phái đi,verified,氵,Bộ Thủy,,,not-available,2,6,4,,PASS,"hasStrokeCount,hasFormationType,hasPdfCandidate"
滴,3,dī,Nhích,giọt,verified,氵,Bộ Thủy,14,hình thanh,source-backed,2,6,4,,PASS,hasPdfCandidate
潮,3,cháo,Triều,thuỷ triều,verified,氵,Bộ Thủy,15,hình thanh,source-backed,2,6,0,756,PARTIAL,hasSentences
灾,3,zāi,Tai,thảm họa,verified,宀,Bộ Miên,7,hội ý,needs-review,2,6,1,586,PASS,
烟,3,yān,,khói,verified,火,Bộ Hỏa,10,hình thanh,source-backed,2,7,11,,PASS,"hasHanViet,hasPdfCandidate"
环,3,huán,,bao quanh,not-found,王,,9,hình thanh,source-backed,2,7,12,,PARTIAL,"hasHanViet,hasRadical,hasPdfCandidate"
痛,3,tòng,Thống,đau,verified,疒,Bộ Nạch,12,hình thanh,source-backed,2,7,10,,PASS,hasPdfCandidate
瘦,3,shòu,Xấu,gầy,verified,疒,Bộ Nạch,,hình thanh,source-backed,2,6,4,,PASS,"hasStrokeCount,hasPdfCandidate"
皮,3,pí,Bì,da,verified,皮,Bộ Bì,5,,not-available,2,8,7,43,PASS,hasFormationType
盛,3,chéng,Thịnh,đổ đầy,verified,皿,Bộ Mãnh,11,hình thanh,source-backed,2,7,9,,PASS,hasPdfCandidate
直,3,zhí,,thẳng,not-found,◎,,,,not-available,3,6,12,769,PARTIAL,"hasHanViet,hasRadical,hasStrokeCount,hasFormationType"
福,3,fú,Phúc,hạnh phúc,not-found,礻,,13,hình thanh,source-backed,2,6,9,530,PARTIAL,hasRadical
秀,3,xiù,Tú,"Biểu diễn, trình diễn",verified,禾,Bộ Hòa,,,not-available,2,6,4,774,PASS,"hasStrokeCount,hasFormationType"
空,3,kōng,Không,"trống, trống rỗng",verified,穴,Bộ Huyệt,8,hình thanh,source-backed,2,13,12,,PASS,hasPdfCandidate
窄,3,zhǎi,,hẹp,verified,穴,Bộ Huyệt,10,hình thanh,source-backed,2,6,0,,PARTIAL,"hasHanViet,hasSentences,hasPdfCandidate"
管,3,guǎn,Quản,ống,not-found,⺮,,,hình thanh,source-backed,2,6,12,,PARTIAL,"hasRadical,hasStrokeCount,hasPdfCandidate"
箭,3,jiàn,Tiễn,mũi tên,verified,竹,Bộ Trúc,15,hình thanh,source-backed,2,6,0,,PARTIAL,"hasSentences,hasPdfCandidate"
类,3,lèi,Loại,loại,verified,米,Bộ Mễ,,hội ý,needs-review,3,8,12,,PASS,"hasStrokeCount,hasPdfCandidate"
糖,3,táng,Đường,"đường, kẹo",verified,米,Bộ Mễ,,hình thanh,source-backed,2,6,3,,PASS,"hasStrokeCount,hasPdfCandidate"
糟,3,zāo,,khủng khiếp,verified,米,Bộ Mễ,20,hình thanh,source-backed,2,6,4,,PASS,"hasHanViet,hasPdfCandidate"
素,3,sù,Tố,ăn chay,verified,糸,Bộ Mịch,10,,not-available,2,6,4,747,PASS,hasFormationType
线,3,xiàn,,"dòng, sợi, tuyến",verified,纟,Bộ Mịch,8,hình thanh,source-backed,2,6,8,,PASS,"hasHanViet,hasPdfCandidate"
缺,3,quē,Khuyết,thiếu,verified,缶,"Bộ Phẫu, Phữu",10,hình thanh,source-backed,2,7,12,,PASS,hasPdfCandidate
罐,3,guàn,,lọ,verified,缶,"Bộ Phẫu, Phữu",23,hình thanh,source-backed,2,6,0,,PARTIAL,"hasHanViet,hasSentences,hasPdfCandidate"
者,3,zhě,,người đó,not-found,,,8,,not-available,0,9,12,,PARTIAL,"hasHanViet,hasRadical,hasComponents,hasFormationType,hasPdfCandidate"
聊,3,liáo,,trò chuyện,verified,耳,Bộ Nhĩ,11,hình thanh,source-backed,2,8,12,,PASS,"hasHanViet,hasPdfCandidate"
胜,3,shèng,Thắng,chiến thắng,verified,月,"Bộ Nguyệt,Nhục",9,hình thanh,source-backed,2,7,6,,PASS,hasPdfCandidate
血,3,xuè,Huyết,máu,verified,血,Bộ Huyết,,,not-available,2,7,8,299,PASS,"hasStrokeCount,hasFormationType"
被,3,bèi,Bị,bởi,verified,衤,Bộ Y,,hình thanh,source-backed,2,6,12,,PASS,"hasStrokeCount,hasPdfCandidate"
订,3,dìng,Đính,"đặt, đặt hàng",verified,讠,Bộ Ngôn,5,hình thanh,source-backed,2,6,3,217,PASS,
讨,3,tǎo,Thảo,hỏi xin,verified,讠,Bộ Ngôn,5,hội ý,needs-review,2,7,9,,PASS,hasPdfCandidate
证,3,zhèng,Chứng,chứng chỉ,verified,讠,Bộ Ngôn,9,hình thanh,source-backed,2,9,12,,PASS,hasPdfCandidate
调,3,diào,Điều,điều chỉnh,verified,讠,Bộ Ngôn,10,hình thanh,source-backed,2,7,12,,PASS,hasPdfCandidate
谈,3,tán,Đàm,"nói chuyện, tán gẫu",verified,讠,Bộ Ngôn,,hình thanh,source-backed,2,7,10,,PASS,"hasStrokeCount,hasPdfCandidate"
贬,3,biǎn,Biếm,Giáng chức,not-found,,,,,not-available,0,6,2,,PARTIAL,"hasRadical,hasStrokeCount,hasComponents,hasFormationType,hasPdfCandidate"
费,3,fèi,Phí,phí,verified,贝,Bộ Bối,9,hình thanh,source-backed,2,9,12,,PASS,hasPdfCandidate
赶,3,gǎn,,"vội vàng, lái xe, đuổi kịp",verified,走,Bộ Tẩu,11,hình thanh,source-backed,2,7,12,,PASS,"hasHanViet,hasPdfCandidate"
较,3,jiào,,tương đối,verified,车,Bộ Xa,13,hình thanh,source-backed,2,6,11,,PASS,"hasHanViet,hasPdfCandidate"
连,3,lián,Liên,thậm chí,verified,车,Bộ Xa,,,not-available,0,8,8,,PASS,"hasStrokeCount,hasComponents,hasFormationType,hasPdfCandidate"
追,3,zhuī,Truy,theo đuổi,verified,辶,Bộ Sước,9,hình thanh,source-backed,2,6,5,,PASS,hasPdfCandidate
退,3,tuì,Thoái,rút lui,verified,辶,Bộ Sước,,,not-available,3,6,10,673,PASS,"hasStrokeCount,hasFormationType"
造,3,zào,Tạo,xây dựng,verified,辶,Bộ Sước,10,hình thanh,source-backed,2,6,8,,PASS,hasPdfCandidate
配,3,pèi,Phối,phù hợp,verified,酉,Bộ Dậu,10,hình thanh,source-backed,2,6,8,519,PASS,
酷,3,kù,Khốc,ngầu,verified,酉,Bộ Dậu,14,hình thanh,source-backed,2,6,1,,PASS,hasPdfCandidate
金,3,jīn,Kim,kim loại,verified,金,Bộ Kim,8,hình thanh,source-backed,2,8,9,338,PASS,
钉,3,dìng,Đinh,đóng đinh,verified,金,Bộ Kim,8,hình thanh,source-backed,2,6,3,,PASS,hasPdfCandidate
钟,3,zhōng,Chung,đồng hồ,verified,钅,Bộ Kim,,hình thanh,source-backed,2,7,12,,PASS,"hasStrokeCount,hasPdfCandidate"
铁,3,tiě,Thiết,sắt,verified,钅,Bộ Kim,10,hình thanh,source-backed,2,7,10,,PASS,hasPdfCandidate
银,3,yín,Ngân,bạc,verified,钅,Bộ Kim,,hình thanh,source-backed,2,8,12,,PASS,"hasStrokeCount,hasPdfCandidate"
防,3,fáng,Phòng,phòng thủ,ambiguous,阝,,7,hình thanh,source-backed,2,6,11,,PARTIAL,"hasRadical,hasPdfCandidate"
静,3,jìng,,yên tĩnh,verified,青,Bộ Thanh,14,hình thanh,source-backed,2,6,12,,PASS,"hasHanViet,hasPdfCandidate"
领,3,lǐng,Lãnh,cổ,verified,页,Bộ Hiệt,11,hình thanh,source-backed,2,9,12,,PASS,hasPdfCandidate
馆,3,guǎn,Quán,nhà hát,verified,饣,Bộ Thực,11,hình thanh,source-backed,2,9,12,,PASS,hasPdfCandidate
齐,3,qí,Tày,gọn gàng,not-found,,,6,,not-available,0,6,8,,PARTIAL,"hasRadical,hasComponents,hasFormationType,hasPdfCandidate"
